kata_kunci,jenis_perkara,kategori,kelas
pembunuhan,Pembunuhan,Kejahatan Berat,K1
membunuh,Pembunuhan,Kejahatan Berat,K1
dibunuh,Pembunuhan,Kejahatan Berat,K1
pelaku pembunuhan,Pembunuhan,Kejahatan Berat,K1
korban pembunuhan,Pembunuhan,Kejahatan Berat,K1
tewas,Pembunuhan,Kejahatan Berat,K1
mayat,Pembunuhan,Kejahatan Berat,K1
jasad,Pembunuhan,Kejahatan Berat,K1
menghabisi,Pembunuhan,Kejahatan Berat,K1
menghilangkan nyawa,Pembunuhan,Kejahatan Berat,K1
berencana,Pembunuhan Berencana,Kejahatan Berat,K1
pembunuhan berencana,Pembunuhan Berencana,Kejahatan Berat,K1
direncanakan,Pembunuhan Berencana,Kejahatan Berat,K1
eksekusi,Pembunuhan Berencana,Kejahatan Berat,K1
diracun,Pembunuhan Berencana,Kejahatan Berat,K1
disewa membunuh,Pembunuhan Berencana,Kejahatan Berat,K1
otak pembunuhan,Pembunuhan Berencana,Kejahatan Berat,K1
pembunuh bayaran,Pembunuhan Berencana,Kejahatan Berat,K1
rencana bunuh,Pembunuhan Berencana,Kejahatan Berat,K1
skenario pembunuhan,Pembunuhan Berencana,Kejahatan Berat,K1
penganiayaan berat,Penganiayaan Berat,Kejahatan Berat,K1
aniaya berat,Penganiayaan Berat,Kejahatan Berat,K1
bacok,Penganiayaan Berat,Kejahatan Berat,K1
tikam,Penganiayaan Berat,Kejahatan Berat,K1
gorok,Penganiayaan Berat,Kejahatan Berat,K1
luka berat,Penganiayaan Berat,Kejahatan Berat,K1
parang,Penganiayaan Berat,Kejahatan Berat,K1
celurit,Penganiayaan Berat,Kejahatan Berat,K1
membacok,Penganiayaan Berat,Kejahatan Berat,K1
menusuk,Penganiayaan Berat,Kejahatan Berat,K1
pemerkosaan,Pemerkosaan,Kejahatan Berat,K1
memperkosa,Pemerkosaan,Kejahatan Berat,K1
rudapaksa,Pemerkosaan,Kejahatan Berat,K1
perkosaan,Pemerkosaan,Kejahatan Berat,K1
korban perkosaan,Pemerkosaan,Kejahatan Berat,K1
pelaku perkosa,Pemerkosaan,Kejahatan Berat,K1
pemerkosa,Pemerkosaan,Kejahatan Berat,K1
paksa bersetubuh,Pemerkosaan,Kejahatan Berat,K1
pemaksaan seksual,Pemerkosaan,Kejahatan Berat,K1
serangan seksual,Pemerkosaan,Kejahatan Berat,K1
pencabulan,Pencabulan,Kejahatan Berat,K1
cabul,Pencabulan,Kejahatan Berat,K1
mencabuli,Pencabulan,Kejahatan Berat,K1
pelecehan seksual,Pencabulan,Kejahatan Berat,K1
pelecehan, Kejahatan Berat,K1
eksploitasi seksual,Pencabulan,Kejahatan Berat,K1
korban cabul,Pencabulan,Kejahatan Berat,K1
pelaku cabul,Pencabulan,Kejahatan Berat,K1
asusila,Pencabulan,Kejahatan Berat,K1
kejahatan seksual,Pencabulan,Kejahatan Berat,K1
perbuatan cabul,Pencabulan,Kejahatan Berat,K1
curas,Curas,Kejahatan Berat,K1
perampokan,Curas,Kejahatan Berat,K1
rampok,Curas,Kejahatan Berat,K1
merampok,Curas,Kejahatan Berat,K1
begal,Curas,Kejahatan Berat,K1
rampas,Curas,Kejahatan Berat,K1
todong,Curas,Kejahatan Berat,K1
todongan,Curas,Kejahatan Berat,K1
senjata api,Curas,Kejahatan Berat,K1
senpi,Curas,Kejahatan Berat,K1
curat,Curat,Kejahatan Berat,K1
bobol rumah,Curat,Kejahatan Berat,K1
membobol,Curat,Kejahatan Berat,K1
congkel,Curat,Kejahatan Berat,K1
pecah rumah,Curat,Kejahatan Berat,K1
pecah toko,Curat,Kejahatan Berat,K1
maling rumah,Curat,Kejahatan Berat,K1
pembobol,Curat,Kejahatan Berat,K1
pembongkar,Curat,Kejahatan Berat,K1
pencurian berat,Curat,Kejahatan Berat,K1
curanmor,Curanmor,Kejahatan Berat,K1
pencurian motor,Curanmor,Kejahatan Berat,K1
pencurian mobil,Curanmor,Kejahatan Berat,K1
maling motor,Curanmor,Kejahatan Berat,K1
maling mobil,Curanmor,Kejahatan Berat,K1
raib motor,Curanmor,Kejahatan Berat,K1
raib mobil,Curanmor,Kejahatan Berat,K1
curi kendaraan,Curanmor,Kejahatan Berat,K1
motor hilang,Curanmor,Kejahatan Berat,K1
mobil hilang,Curanmor,Kejahatan Berat,K1
narkotika,Narkotika,Kejahatan Berat,K1
narkoba,Narkotika,Kejahatan Berat,K1
sabu,Narkotika,Kejahatan Berat,K1
ganja,Narkotika,Kejahatan Berat,K1
ekstasi,Narkotika,Kejahatan Berat,K1
putaw,Narkotika,Kejahatan Berat,K1
kokain,Narkotika,Kejahatan Berat,K1
psikotropika,Narkotika,Kejahatan Berat,K1
bandar,Narkotika,Kejahatan Berat,K1
pengedar,Narkotika,Kejahatan Berat,K1
korupsi,Korupsi,Kejahatan Berat,K1
tipikor,Korupsi,Kejahatan Berat,K1
suap,Korupsi,Kejahatan Berat,K1
gratifikasi,Korupsi,Kejahatan Berat,K1
mark up,Korupsi,Kejahatan Berat,K1
penggelapan anggaran,Korupsi,Kejahatan Berat,K1
fee proyek,Korupsi,Kejahatan Berat,K1
uang suap,Korupsi,Kejahatan Berat,K1
rasuah,Korupsi,Kejahatan Berat,K1
koruptor,Korupsi,Kejahatan Berat,K1
tppu,TPPU,Kejahatan Berat,K1
pencucian uang,TPPU,Kejahatan Berat,K1
money laundering,TPPU,Kejahatan Berat,K1
hasil kejahatan,TPPU,Kejahatan Berat,K1
rekening penampung,TPPU,Kejahatan Berat,K1
transaksi mencurigakan,TPPU,Kejahatan Berat,K1
aliran dana,TPPU,Kejahatan Berat,K1
aset ilegal,TPPU,Kejahatan Berat,K1
harta ilegal,TPPU,Kejahatan Berat,K1
cuci uang,TPPU,Kejahatan Berat,K1
terorisme,Terorisme,Kejahatan Berat,K1
teroris,Terorisme,Kejahatan Berat,K1
bom,Terorisme,Kejahatan Berat,K1
bom bunuh diri,Terorisme,Kejahatan Berat,K1
radikal,Terorisme,Kejahatan Berat,K1
radikalisme,Terorisme,Kejahatan Berat,K1
jaringan teror,Terorisme,Kejahatan Berat,K1
ledakan bom,Terorisme,Kejahatan Berat,K1
bahan peledak,Terorisme,Kejahatan Berat,K1
aksi teror,Terorisme,Kejahatan Berat,K1
perdagangan orang,TPPO,Kejahatan Berat,K1
tppo,TPPO,Kejahatan Berat,K1
human trafficking,TPPO,Kejahatan Berat,K1
eksploitasi orang,TPPO,Kejahatan Berat,K1
jual orang,TPPO,Kejahatan Berat,K1
perekrutan ilegal,TPPO,Kejahatan Berat,K1
korban tppo,TPPO,Kejahatan Berat,K1
perbudakan,TPPO,Kejahatan Berat,K1
eksploitasi tenaga kerja,TPPO,Kejahatan Berat,K1
trafiking,TPPO,Kejahatan Berat,K1
phishing,ITE,Kejahatan Berat,K1
peretasan,ITE,Kejahatan Berat,K1
hacker,ITE,Kejahatan Berat,K1
cracker,ITE,Kejahatan Berat,K1
ransomware,ITE,Kejahatan Berat,K1
malware,ITE,Kejahatan Berat,K1
cyber crime,ITE,Kejahatan Berat,K1
pencurian data,ITE,Kejahatan Berat,K1
akun dibobol,ITE,Kejahatan Berat,K1
serangan siber,ITE,Kejahatan Berat,K1
pencurian,Pencurian,Kejahatan Ringan,K2
mencuri,Pencurian,Kejahatan Ringan,K2
copet,Pencurian,Kejahatan Ringan,K2
copet hp,Pencurian,Kejahatan Ringan,K2
ambil barang,Pencurian,Kejahatan Ringan,K2
maling,Pencurian,Kejahatan Ringan,K2
dompet hilang,Pencurian,Kejahatan Ringan,K2
curi,Pencurian,Kejahatan Ringan,K2
pencopet,Pencurian,Kejahatan Ringan,K2
menggasak,Pencurian,Kejahatan Ringan,K2
penipuan,Penipuan,Kejahatan Ringan,K2
menipu,Penipuan,Kejahatan Ringan,K2
modus,Penipuan,Kejahatan Ringan,K2
investasi bodong,Penipuan,Kejahatan Ringan,K2
penipu,Penipuan,Kejahatan Ringan,K2
tipu daya,Penipuan,Kejahatan Ringan,K2
penawaran palsu,Penipuan,Kejahatan Ringan,K2
rekening palsu,Penipuan,Kejahatan Ringan,K2
jual beli fiktif,Penipuan,Kejahatan Ringan,K2
scam,Penipuan,Kejahatan Ringan,K2
penggelapan,Penggelapan,Kejahatan Ringan,K2
menggelapkan,Penggelapan,Kejahatan Ringan,K2
gadai tanpa izin,Penggelapan,Kejahatan Ringan,K2
kuasai barang,Penggelapan,Kejahatan Ringan,K2
gelapkan dana,Penggelapan,Kejahatan Ringan,K2
penguasaan barang,Penggelapan,Kejahatan Ringan,K2
aset digelapkan,Penggelapan,Kejahatan Ringan,K2
uang digelapkan,Penggelapan,Kejahatan Ringan,K2
penggelap,Penggelapan,Kejahatan Ringan,K2
gelapkan,Penggelapan,Kejahatan Ringan,K2
penganiayaan,Penganiayaan Ringan,Kejahatan Ringan,K2
aniaya,Penganiayaan Ringan,Kejahatan Ringan,K2
luka ringan,Penganiayaan Ringan,Kejahatan Ringan,K2
memukul,Penganiayaan Ringan,Kejahatan Ringan,K2
menampar,Penganiayaan Ringan,Kejahatan Ringan,K2
mendorong,Penganiayaan Ringan,Kejahatan Ringan,K2
memar,Penganiayaan Ringan,Kejahatan Ringan,K2
lebam,Penganiayaan Ringan,Kejahatan Ringan,K2
adu fisik,Penganiayaan Ringan,Kejahatan Ringan,K2
cekik,Penganiayaan Ringan,Kejahatan Ringan,K2
penghinaan,Penghinaan,Kejahatan Ringan,K2
menghina,Penghinaan,Kejahatan Ringan,K2
fitnah,Penghinaan,Kejahatan Ringan,K2
pencemaran nama baik,Penghinaan,Kejahatan Ringan,K2
ujaran,Penghinaan,Kejahatan Ringan,K2
caci maki,Penghinaan,Kejahatan Ringan,K2
makian,Penghinaan,Kejahatan Ringan,K2
ejekan,Penghinaan,Kejahatan Ringan,K2
penghinaan publik,Penghinaan,Kejahatan Ringan,K2
nama baik,Penghinaan,Kejahatan Ringan,K2
judi,Perjudian,Kejahatan Berat,K1
judi online,Perjudian,Kejahatan Berat,K1
slot,Perjudian,Kejahatan Berat,K1
togel,Perjudian,Kejahatan Berat,K1
sabung ayam,Perjudian,Kejahatan Berat,K1
taruhan,Perjudian,Kejahatan Berat,K1
kasino ilegal,Perjudian,Kejahatan Berat,K1
main judi,Perjudian,Kejahatan Berat,K1
bandar judi,Perjudian,Kejahatan Berat,K1
perjudian,Perjudian,Kejahatan Berat,K1
kasus pembunuhan,Pembunuhan,Kejahatan Berat,K1
tersangka pembunuhan,Pembunuhan,Kejahatan Berat,K1
komplotan pembunuhan,Pembunuhan,Kejahatan Berat,K1
kasus membunuh,Pembunuhan,Kejahatan Berat,K1
pelaku membunuh,Pembunuhan,Kejahatan Berat,K1
korban membunuh,Pembunuhan,Kejahatan Berat,K1
tersangka membunuh,Pembunuhan,Kejahatan Berat,K1
komplotan membunuh,Pembunuhan,Kejahatan Berat,K1
kasus dibunuh,Pembunuhan,Kejahatan Berat,K1
pelaku dibunuh,Pembunuhan,Kejahatan Berat,K1
korban dibunuh,Pembunuhan,Kejahatan Berat,K1
tersangka dibunuh,Pembunuhan,Kejahatan Berat,K1
komplotan dibunuh,Pembunuhan,Kejahatan Berat,K1
kasus pelaku pembunuhan,Pembunuhan,Kejahatan Berat,K1
pelaku pelaku pembunuhan,Pembunuhan,Kejahatan Berat,K1
korban pelaku pembunuhan,Pembunuhan,Kejahatan Berat,K1
tersangka pelaku pembunuhan,Pembunuhan,Kejahatan Berat,K1
komplotan pelaku pembunuhan,Pembunuhan,Kejahatan Berat,K1
kasus korban pembunuhan,Pembunuhan,Kejahatan Berat,K1
pelaku korban pembunuhan,Pembunuhan,Kejahatan Berat,K1
korban korban pembunuhan,Pembunuhan,Kejahatan Berat,K1
tersangka korban pembunuhan,Pembunuhan,Kejahatan Berat,K1
komplotan korban pembunuhan,Pembunuhan,Kejahatan Berat,K1
kasus tewas,Pembunuhan,Kejahatan Berat,K1
pelaku tewas,Pembunuhan,Kejahatan Berat,K1
korban tewas,Pembunuhan,Kejahatan Berat,K1
tersangka tewas,Pembunuhan,Kejahatan Berat,K1
komplotan tewas,Pembunuhan,Kejahatan Berat,K1
kasus mayat,Pembunuhan,Kejahatan Berat,K1
pelaku mayat,Pembunuhan,Kejahatan Berat,K1
korban mayat,Pembunuhan,Kejahatan Berat,K1
tersangka mayat,Pembunuhan,Kejahatan Berat,K1
komplotan mayat,Pembunuhan,Kejahatan Berat,K1
kasus jasad,Pembunuhan,Kejahatan Berat,K1
pelaku jasad,Pembunuhan,Kejahatan Berat,K1
korban jasad,Pembunuhan,Kejahatan Berat,K1
tersangka jasad,Pembunuhan,Kejahatan Berat,K1
komplotan jasad,Pembunuhan,Kejahatan Berat,K1
kasus menghabisi,Pembunuhan,Kejahatan Berat,K1
pelaku menghabisi,Pembunuhan,Kejahatan Berat,K1
korban menghabisi,Pembunuhan,Kejahatan Berat,K1
tersangka menghabisi,Pembunuhan,Kejahatan Berat,K1
komplotan menghabisi,Pembunuhan,Kejahatan Berat,K1
kasus menghilangkan nyawa,Pembunuhan,Kejahatan Berat,K1
pelaku menghilangkan nyawa,Pembunuhan,Kejahatan Berat,K1
korban menghilangkan nyawa,Pembunuhan,Kejahatan Berat,K1
tersangka menghilangkan nyawa,Pembunuhan,Kejahatan Berat,K1
komplotan menghilangkan nyawa,Pembunuhan,Kejahatan Berat,K1
kasus berencana,Pembunuhan Berencana,Kejahatan Berat,K1
pelaku berencana,Pembunuhan Berencana,Kejahatan Berat,K1
korban berencana,Pembunuhan Berencana,Kejahatan Berat,K1
tersangka berencana,Pembunuhan Berencana,Kejahatan Berat,K1
komplotan berencana,Pembunuhan Berencana,Kejahatan Berat,K1
kasus pembunuhan berencana,Pembunuhan Berencana,Kejahatan Berat,K1
pelaku pembunuhan berencana,Pembunuhan Berencana,Kejahatan Berat,K1
korban pembunuhan berencana,Pembunuhan Berencana,Kejahatan Berat,K1
tersangka pembunuhan berencana,Pembunuhan Berencana,Kejahatan Berat,K1
komplotan pembunuhan berencana,Pembunuhan Berencana,Kejahatan Berat,K1
kasus direncanakan,Pembunuhan Berencana,Kejahatan Berat,K1
pelaku direncanakan,Pembunuhan Berencana,Kejahatan Berat,K1
korban direncanakan,Pembunuhan Berencana,Kejahatan Berat,K1
tersangka direncanakan,Pembunuhan Berencana,Kejahatan Berat,K1
komplotan direncanakan,Pembunuhan Berencana,Kejahatan Berat,K1
kasus eksekusi,Pembunuhan Berencana,Kejahatan Berat,K1
pelaku eksekusi,Pembunuhan Berencana,Kejahatan Berat,K1
korban eksekusi,Pembunuhan Berencana,Kejahatan Berat,K1
tersangka eksekusi,Pembunuhan Berencana,Kejahatan Berat,K1
komplotan eksekusi,Pembunuhan Berencana,Kejahatan Berat,K1
kasus diracun,Pembunuhan Berencana,Kejahatan Berat,K1
pelaku diracun,Pembunuhan Berencana,Kejahatan Berat,K1
korban diracun,Pembunuhan Berencana,Kejahatan Berat,K1
tersangka diracun,Pembunuhan Berencana,Kejahatan Berat,K1
komplotan diracun,Pembunuhan Berencana,Kejahatan Berat,K1
kasus disewa membunuh,Pembunuhan Berencana,Kejahatan Berat,K1
pelaku disewa membunuh,Pembunuhan Berencana,Kejahatan Berat,K1
korban disewa membunuh,Pembunuhan Berencana,Kejahatan Berat,K1
tersangka disewa membunuh,Pembunuhan Berencana,Kejahatan Berat,K1
komplotan disewa membunuh,Pembunuhan Berencana,Kejahatan Berat,K1
kasus otak pembunuhan,Pembunuhan Berencana,Kejahatan Berat,K1
pelaku otak pembunuhan,Pembunuhan Berencana,Kejahatan Berat,K1
korban otak pembunuhan,Pembunuhan Berencana,Kejahatan Berat,K1
tersangka otak pembunuhan,Pembunuhan Berencana,Kejahatan Berat,K1
komplotan otak pembunuhan,Pembunuhan Berencana,Kejahatan Berat,K1
kasus pembunuh bayaran,Pembunuhan Berencana,Kejahatan Berat,K1
pelaku pembunuh bayaran,Pembunuhan Berencana,Kejahatan Berat,K1
korban pembunuh bayaran,Pembunuhan Berencana,Kejahatan Berat,K1
tersangka pembunuh bayaran,Pembunuhan Berencana,Kejahatan Berat,K1
komplotan pembunuh bayaran,Pembunuhan Berencana,Kejahatan Berat,K1
kasus rencana bunuh,Pembunuhan Berencana,Kejahatan Berat,K1
pelaku rencana bunuh,Pembunuhan Berencana,Kejahatan Berat,K1
korban rencana bunuh,Pembunuhan Berencana,Kejahatan Berat,K1
tersangka rencana bunuh,Pembunuhan Berencana,Kejahatan Berat,K1
komplotan rencana bunuh,Pembunuhan Berencana,Kejahatan Berat,K1
kasus skenario pembunuhan,Pembunuhan Berencana,Kejahatan Berat,K1
pelaku skenario pembunuhan,Pembunuhan Berencana,Kejahatan Berat,K1
korban skenario pembunuhan,Pembunuhan Berencana,Kejahatan Berat,K1
tersangka skenario pembunuhan,Pembunuhan Berencana,Kejahatan Berat,K1
komplotan skenario pembunuhan,Pembunuhan Berencana,Kejahatan Berat,K1
kasus penganiayaan berat,Penganiayaan Berat,Kejahatan Berat,K1
pelaku penganiayaan berat,Penganiayaan Berat,Kejahatan Berat,K1
korban penganiayaan berat,Penganiayaan Berat,Kejahatan Berat,K1
tersangka penganiayaan berat,Penganiayaan Berat,Kejahatan Berat,K1
komplotan penganiayaan berat,Penganiayaan Berat,Kejahatan Berat,K1
kasus aniaya berat,Penganiayaan Berat,Kejahatan Berat,K1
pelaku aniaya berat,Penganiayaan Berat,Kejahatan Berat,K1
korban aniaya berat,Penganiayaan Berat,Kejahatan Berat,K1
tersangka aniaya berat,Penganiayaan Berat,Kejahatan Berat,K1
komplotan aniaya berat,Penganiayaan Berat,Kejahatan Berat,K1
kasus bacok,Penganiayaan Berat,Kejahatan Berat,K1
pelaku bacok,Penganiayaan Berat,Kejahatan Berat,K1
korban bacok,Penganiayaan Berat,Kejahatan Berat,K1
tersangka bacok,Penganiayaan Berat,Kejahatan Berat,K1
komplotan bacok,Penganiayaan Berat,Kejahatan Berat,K1
kasus tikam,Penganiayaan Berat,Kejahatan Berat,K1
pelaku tikam,Penganiayaan Berat,Kejahatan Berat,K1
korban tikam,Penganiayaan Berat,Kejahatan Berat,K1
tersangka tikam,Penganiayaan Berat,Kejahatan Berat,K1
komplotan tikam,Penganiayaan Berat,Kejahatan Berat,K1
kasus gorok,Penganiayaan Berat,Kejahatan Berat,K1
pelaku gorok,Penganiayaan Berat,Kejahatan Berat,K1
korban gorok,Penganiayaan Berat,Kejahatan Berat,K1
tersangka gorok,Penganiayaan Berat,Kejahatan Berat,K1
komplotan gorok,Penganiayaan Berat,Kejahatan Berat,K1
kasus luka berat,Penganiayaan Berat,Kejahatan Berat,K1
pelaku luka berat,Penganiayaan Berat,Kejahatan Berat,K1
korban luka berat,Penganiayaan Berat,Kejahatan Berat,K1
tersangka luka berat,Penganiayaan Berat,Kejahatan Berat,K1
komplotan luka berat,Penganiayaan Berat,Kejahatan Berat,K1
kasus parang,Penganiayaan Berat,Kejahatan Berat,K1
pelaku parang,Penganiayaan Berat,Kejahatan Berat,K1
korban parang,Penganiayaan Berat,Kejahatan Berat,K1
tersangka parang,Penganiayaan Berat,Kejahatan Berat,K1
komplotan parang,Penganiayaan Berat,Kejahatan Berat,K1
kasus celurit,Penganiayaan Berat,Kejahatan Berat,K1
pelaku celurit,Penganiayaan Berat,Kejahatan Berat,K1
korban celurit,Penganiayaan Berat,Kejahatan Berat,K1
tersangka celurit,Penganiayaan Berat,Kejahatan Berat,K1
komplotan celurit,Penganiayaan Berat,Kejahatan Berat,K1
kasus membacok,Penganiayaan Berat,Kejahatan Berat,K1
pelaku membacok,Penganiayaan Berat,Kejahatan Berat,K1
korban membacok,Penganiayaan Berat,Kejahatan Berat,K1
tersangka membacok,Penganiayaan Berat,Kejahatan Berat,K1
komplotan membacok,Penganiayaan Berat,Kejahatan Berat,K1
kasus menusuk,Penganiayaan Berat,Kejahatan Berat,K1
pelaku menusuk,Penganiayaan Berat,Kejahatan Berat,K1
korban menusuk,Penganiayaan Berat,Kejahatan Berat,K1
tersangka menusuk,Penganiayaan Berat,Kejahatan Berat,K1
komplotan menusuk,Penganiayaan Berat,Kejahatan Berat,K1
kasus pemerkosaan,Pemerkosaan,Kejahatan Berat,K1
pelaku pemerkosaan,Pemerkosaan,Kejahatan Berat,K1
korban pemerkosaan,Pemerkosaan,Kejahatan Berat,K1
tersangka pemerkosaan,Pemerkosaan,Kejahatan Berat,K1
komplotan pemerkosaan,Pemerkosaan,Kejahatan Berat,K1
kasus memperkosa,Pemerkosaan,Kejahatan Berat,K1
pelaku memperkosa,Pemerkosaan,Kejahatan Berat,K1
korban memperkosa,Pemerkosaan,Kejahatan Berat,K1
tersangka memperkosa,Pemerkosaan,Kejahatan Berat,K1
komplotan memperkosa,Pemerkosaan,Kejahatan Berat,K1
kasus rudapaksa,Pemerkosaan,Kejahatan Berat,K1
pelaku rudapaksa,Pemerkosaan,Kejahatan Berat,K1
korban rudapaksa,Pemerkosaan,Kejahatan Berat,K1
tersangka rudapaksa,Pemerkosaan,Kejahatan Berat,K1
komplotan rudapaksa,Pemerkosaan,Kejahatan Berat,K1
kasus perkosaan,Pemerkosaan,Kejahatan Berat,K1
pelaku perkosaan,Pemerkosaan,Kejahatan Berat,K1
tersangka perkosaan,Pemerkosaan,Kejahatan Berat,K1
komplotan perkosaan,Pemerkosaan,Kejahatan Berat,K1
kasus korban perkosaan,Pemerkosaan,Kejahatan Berat,K1
pelaku korban perkosaan,Pemerkosaan,Kejahatan Berat,K1
korban korban perkosaan,Pemerkosaan,Kejahatan Berat,K1
tersangka korban perkosaan,Pemerkosaan,Kejahatan Berat,K1
komplotan korban perkosaan,Pemerkosaan,Kejahatan Berat,K1
kasus pelaku perkosa,Pemerkosaan,Kejahatan Berat,K1
pelaku pelaku perkosa,Pemerkosaan,Kejahatan Berat,K1
korban pelaku perkosa,Pemerkosaan,Kejahatan Berat,K1
tersangka pelaku perkosa,Pemerkosaan,Kejahatan Berat,K1
komplotan pelaku perkosa,Pemerkosaan,Kejahatan Berat,K1
kasus pemerkosa,Pemerkosaan,Kejahatan Berat,K1
pelaku pemerkosa,Pemerkosaan,Kejahatan Berat,K1
korban pemerkosa,Pemerkosaan,Kejahatan Berat,K1
tersangka pemerkosa,Pemerkosaan,Kejahatan Berat,K1
komplotan pemerkosa,Pemerkosaan,Kejahatan Berat,K1
kasus paksa bersetubuh,Pemerkosaan,Kejahatan Berat,K1
pelaku paksa bersetubuh,Pemerkosaan,Kejahatan Berat,K1
korban paksa bersetubuh,Pemerkosaan,Kejahatan Berat,K1
tersangka paksa bersetubuh,Pemerkosaan,Kejahatan Berat,K1
komplotan paksa bersetubuh,Pemerkosaan,Kejahatan Berat,K1
kasus pemaksaan seksual,Pemerkosaan,Kejahatan Berat,K1
pelaku pemaksaan seksual,Pemerkosaan,Kejahatan Berat,K1
korban pemaksaan seksual,Pemerkosaan,Kejahatan Berat,K1
tersangka pemaksaan seksual,Pemerkosaan,Kejahatan Berat,K1
komplotan pemaksaan seksual,Pemerkosaan,Kejahatan Berat,K1
kasus serangan seksual,Pemerkosaan,Kejahatan Berat,K1
pelaku serangan seksual,Pemerkosaan,Kejahatan Berat,K1
korban serangan seksual,Pemerkosaan,Kejahatan Berat,K1
tersangka serangan seksual,Pemerkosaan,Kejahatan Berat,K1
komplotan serangan seksual,Pemerkosaan,Kejahatan Berat,K1
kasus pencabulan,Pencabulan,Kejahatan Berat,K1
pelaku pencabulan,Pencabulan,Kejahatan Berat,K1
korban pencabulan,Pencabulan,Kejahatan Berat,K1
tersangka pencabulan,Pencabulan,Kejahatan Berat,K1
komplotan pencabulan,Pencabulan,Kejahatan Berat,K1
kasus cabul,Pencabulan,Kejahatan Berat,K1
tersangka cabul,Pencabulan,Kejahatan Berat,K1
komplotan cabul,Pencabulan,Kejahatan Berat,K1
kasus mencabuli,Pencabulan,Kejahatan Berat,K1
pelaku mencabuli,Pencabulan,Kejahatan Berat,K1
korban mencabuli,Pencabulan,Kejahatan Berat,K1
tersangka mencabuli,Pencabulan,Kejahatan Berat,K1
komplotan mencabuli,Pencabulan,Kejahatan Berat,K1
kasus pelecehan seksual,Pencabulan,Kejahatan Berat,K1
pelaku pelecehan seksual,Pencabulan,Kejahatan Berat,K1
korban pelecehan seksual,Pencabulan,Kejahatan Berat,K1
tersangka pelecehan seksual,Pencabulan,Kejahatan Berat,K1
komplotan pelecehan seksual,Pencabulan,Kejahatan Berat,K1
kasus eksploitasi seksual,Pencabulan,Kejahatan Berat,K1
pelaku eksploitasi seksual,Pencabulan,Kejahatan Berat,K1
korban eksploitasi seksual,Pencabulan,Kejahatan Berat,K1
tersangka eksploitasi seksual,Pencabulan,Kejahatan Berat,K1
komplotan eksploitasi seksual,Pencabulan,Kejahatan Berat,K1
kasus korban cabul,Pencabulan,Kejahatan Berat,K1
pelaku korban cabul,Pencabulan,Kejahatan Berat,K1
korban korban cabul,Pencabulan,Kejahatan Berat,K1
tersangka korban cabul,Pencabulan,Kejahatan Berat,K1
komplotan korban cabul,Pencabulan,Kejahatan Berat,K1
kasus pelaku cabul,Pencabulan,Kejahatan Berat,K1
pelaku pelaku cabul,Pencabulan,Kejahatan Berat,K1
korban pelaku cabul,Pencabulan,Kejahatan Berat,K1
tersangka pelaku cabul,Pencabulan,Kejahatan Berat,K1
komplotan pelaku cabul,Pencabulan,Kejahatan Berat,K1
kasus asusila,Pencabulan,Kejahatan Berat,K1
pelaku asusila,Pencabulan,Kejahatan Berat,K1
korban asusila,Pencabulan,Kejahatan Berat,K1
tersangka asusila,Pencabulan,Kejahatan Berat,K1
komplotan asusila,Pencabulan,Kejahatan Berat,K1
kasus kejahatan seksual,Pencabulan,Kejahatan Berat,K1
pelaku kejahatan seksual,Pencabulan,Kejahatan Berat,K1
korban kejahatan seksual,Pencabulan,Kejahatan Berat,K1
tersangka kejahatan seksual,Pencabulan,Kejahatan Berat,K1
komplotan kejahatan seksual,Pencabulan,Kejahatan Berat,K1
kasus perbuatan cabul,Pencabulan,Kejahatan Berat,K1
pelaku perbuatan cabul,Pencabulan,Kejahatan Berat,K1
korban perbuatan cabul,Pencabulan,Kejahatan Berat,K1
tersangka perbuatan cabul,Pencabulan,Kejahatan Berat,K1
komplotan perbuatan cabul,Pencabulan,Kejahatan Berat,K1
kasus curas,Curas,Kejahatan Berat,K1
pelaku curas,Curas,Kejahatan Berat,K1
korban curas,Curas,Kejahatan Berat,K1
tersangka curas,Curas,Kejahatan Berat,K1
komplotan curas,Curas,Kejahatan Berat,K1
kasus perampokan,Curas,Kejahatan Berat,K1
pelaku perampokan,Curas,Kejahatan Berat,K1
korban perampokan,Curas,Kejahatan Berat,K1
tersangka perampokan,Curas,Kejahatan Berat,K1
komplotan perampokan,Curas,Kejahatan Berat,K1
kasus rampok,Curas,Kejahatan Berat,K1
pelaku rampok,Curas,Kejahatan Berat,K1
korban rampok,Curas,Kejahatan Berat,K1
tersangka rampok,Curas,Kejahatan Berat,K1
komplotan rampok,Curas,Kejahatan Berat,K1
kasus merampok,Curas,Kejahatan Berat,K1
pelaku merampok,Curas,Kejahatan Berat,K1
korban merampok,Curas,Kejahatan Berat,K1
tersangka merampok,Curas,Kejahatan Berat,K1
komplotan merampok,Curas,Kejahatan Berat,K1
kasus begal,Curas,Kejahatan Berat,K1
pelaku begal,Curas,Kejahatan Berat,K1
korban begal,Curas,Kejahatan Berat,K1
tersangka begal,Curas,Kejahatan Berat,K1
komplotan begal,Curas,Kejahatan Berat,K1
kasus rampas,Curas,Kejahatan Berat,K1
pelaku rampas,Curas,Kejahatan Berat,K1
korban rampas,Curas,Kejahatan Berat,K1
tersangka rampas,Curas,Kejahatan Berat,K1
komplotan rampas,Curas,Kejahatan Berat,K1
kasus todong,Curas,Kejahatan Berat,K1
pelaku todong,Curas,Kejahatan Berat,K1
korban todong,Curas,Kejahatan Berat,K1
tersangka todong,Curas,Kejahatan Berat,K1
komplotan todong,Curas,Kejahatan Berat,K1
kasus todongan,Curas,Kejahatan Berat,K1
pelaku todongan,Curas,Kejahatan Berat,K1
korban todongan,Curas,Kejahatan Berat,K1
tersangka todongan,Curas,Kejahatan Berat,K1
komplotan todongan,Curas,Kejahatan Berat,K1
kasus senjata api,Curas,Kejahatan Berat,K1
pelaku senjata api,Curas,Kejahatan Berat,K1
korban senjata api,Curas,Kejahatan Berat,K1
tersangka senjata api,Curas,Kejahatan Berat,K1
komplotan senjata api,Curas,Kejahatan Berat,K1
kasus senpi,Curas,Kejahatan Berat,K1
pelaku senpi,Curas,Kejahatan Berat,K1
korban senpi,Curas,Kejahatan Berat,K1
tersangka senpi,Curas,Kejahatan Berat,K1
komplotan senpi,Curas,Kejahatan Berat,K1
kasus curat,Curat,Kejahatan Berat,K1
pelaku curat,Curat,Kejahatan Berat,K1
korban curat,Curat,Kejahatan Berat,K1
tersangka curat,Curat,Kejahatan Berat,K1
komplotan curat,Curat,Kejahatan Berat,K1
kdrt,KDRT,Kejahatan Berat,K1
kekerasan dalam rumah tangga,KDRT,Kejahatan Berat,K1
aniaya istri,KDRT,Kejahatan Berat,K1
aniaya suami,KDRT,Kejahatan Berat,K1
aniaya anak,KDRT,Kejahatan Berat,K1
kdrt berat,KDRT,Kejahatan Berat,K1
pemukulan pasangan,KDRT,Kejahatan Berat,K1
kekerasan rumah tangga,KDRT,Kejahatan Berat,K1
penganiayaan keluarga,KDRT,Kejahatan Berat,K1
korban kdrt,KDRT,Kejahatan Berat,K1
perdagangan satwa,Perdagangan Satwa,Kejahatan Berat,K1
satwa dilindungi,Perdagangan Satwa,Kejahatan Berat,K1
kulit harimau,Perdagangan Satwa,Kejahatan Berat,K1
gading gajah,Perdagangan Satwa,Kejahatan Berat,K1
trenggiling,Perdagangan Satwa,Kejahatan Berat,K1
burung dilindungi,Perdagangan Satwa,Kejahatan Berat,K1
jual satwa,Perdagangan Satwa,Kejahatan Berat,K1
selundup satwa,Perdagangan Satwa,Kejahatan Berat,K1
perburuan liar,Perdagangan Satwa,Kejahatan Berat,K1
satwa ilegal,Perdagangan Satwa,Kejahatan Berat,K1
illegal logging,Illegal Logging,Kejahatan Berat,K1
pembalakan liar,Illegal Logging,Kejahatan Berat,K1
kayu ilegal,Illegal Logging,Kejahatan Berat,K1
tebang liar,Illegal Logging,Kejahatan Berat,K1
balok kayu,Illegal Logging,Kejahatan Berat,K1
hutan lindung,Illegal Logging,Kejahatan Berat,K1
perusakan hutan,Illegal Logging,Kejahatan Berat,K1
mafia kayu,Illegal Logging,Kejahatan Berat,K1
penebangan ilegal,Illegal Logging,Kejahatan Berat,K1
kayu selundupan,Illegal Logging,Kejahatan Berat,K1
tambang ilegal,Illegal Mining,Kejahatan Berat,K1
peti,Illegal Mining,Kejahatan Berat,K1
illegal mining,Illegal Mining,Kejahatan Berat,K1
emas ilegal,Illegal Mining,Kejahatan Berat,K1
galian ilegal,Illegal Mining,Kejahatan Berat,K1
penambangan liar,Illegal Mining,Kejahatan Berat,K1
tambang tanpa izin,Illegal Mining,Kejahatan Berat,K1
merkuri,Illegal Mining,Kejahatan Berat,K1
alat berat ilegal,Illegal Mining,Kejahatan Berat,K1
galian c,Illegal Mining,Kejahatan Berat,K1
penyelundupan,Penyelundupan,Kejahatan Berat,K1
barang selundupan,Penyelundupan,Kejahatan Berat,K1
rokok ilegal,Penyelundupan,Kejahatan Berat,K1
miras ilegal,Penyelundupan,Kejahatan Berat,K1
impor ilegal,Penyelundupan,Kejahatan Berat,K1
ekspor ilegal,Penyelundupan,Kejahatan Berat,K1
kontainer ilegal,Penyelundupan,Kejahatan Berat,K1
bea cukai,Penyelundupan,Kejahatan Berat,K1
smuggling,Penyelundupan,Kejahatan Berat,K1
selundup,Penyelundupan,Kejahatan Berat,K1
pemalsuan,Pemalsuan,Kejahatan Berat,K1
dokumen palsu,Pemalsuan,Kejahatan Berat,K1
ijazah palsu,Pemalsuan,Kejahatan Berat,K1
sertifikat palsu,Pemalsuan,Kejahatan Berat,K1
identitas palsu,Pemalsuan,Kejahatan Berat,K1
ktp palsu,Pemalsuan,Kejahatan Berat,K1
paspor palsu,Pemalsuan,Kejahatan Berat,K1
surat palsu,Pemalsuan,Kejahatan Berat,K1
akta palsu,Pemalsuan,Kejahatan Berat,K1
uang palsu,Pemalsuan,Kejahatan Berat,K1
senjata api,Senjata Api,Kejahatan Berat,K1
senpi rakitan,Senjata Api,Kejahatan Berat,K1
amunisi,Senjata Api,Kejahatan Berat,K1
peluru,Senjata Api,Kejahatan Berat,K1
pistol ilegal,Senjata Api,Kejahatan Berat,K1
revolver,Senjata Api,Kejahatan Berat,K1
laras panjang,Senjata Api,Kejahatan Berat,K1
jual senpi,Senjata Api,Kejahatan Berat,K1
kepemilikan senpi,Senjata Api,Kejahatan Berat,K1
senjata ilegal,Senjata Api,Kejahatan Berat,K1
curi ayam,Pencurian Ringan,Kejahatan Ringan,K2
curi sandal,Pencurian Ringan,Kejahatan Ringan,K2
curi helm,Pencurian Ringan,Kejahatan Ringan,K2
curi buah,Pencurian Ringan,Kejahatan Ringan,K2
curi tabung gas,Pencurian Ringan,Kejahatan Ringan,K2
curi besi,Pencurian Ringan,Kejahatan Ringan,K2
curi kabel,Pencurian Ringan,Kejahatan Ringan,K2
curi hp,Pencurian Ringan,Kejahatan Ringan,K2
curi dompet,Pencurian Ringan,Kejahatan Ringan,K2
curi pakaian,Pencurian Ringan,Kejahatan Ringan,K2
tabrak lari,Lalu Lintas,Kejahatan Ringan,K2
melawan arus,Lalu Lintas,Kejahatan Ringan,K2
tanpa helm,Lalu Lintas,Kejahatan Ringan,K2
knalpot brong,Lalu Lintas,Kejahatan Ringan,K2
balap liar,Lalu Lintas,Kejahatan Ringan,K2
mabuk berkendara,Lalu Lintas,Kejahatan Ringan,K2
SIM palsu,Lalu Lintas,Kejahatan Ringan,K2
overload,Lalu Lintas,Kejahatan Ringan,K2
ODOL,Lalu Lintas,Kejahatan Ringan,K2
parkir liar,Lalu Lintas,Kejahatan Ringan,K2
keributan,Ketertiban Umum,Kejahatan Ringan,K2
mengganggu ketertiban,Ketertiban Umum,Kejahatan Ringan,K2
onar,Ketertiban Umum,Kejahatan Ringan,K2
provokasi,Ketertiban Umum,Kejahatan Ringan,K2
teriak,Ketertiban Umum,Kejahatan Ringan,K2
bikin gaduh,Ketertiban Umum,Kejahatan Ringan,K2
demo ricuh,Ketertiban Umum,Kejahatan Ringan,K2
lempar batu,Ketertiban Umum,Kejahatan Ringan,K2
kerusuhan kecil,Ketertiban Umum,Kejahatan Ringan,K2
pelanggaran ketertiban,Ketertiban Umum,Kejahatan Ringan,K2
barang palsu,Perlindungan Konsumen,Kejahatan Berat,K1
produk ilegal,Perlindungan Konsumen,Kejahatan Berat,K1
label palsu,Perlindungan Konsumen,Kejahatan Berat,K1
kedaluwarsa,Perlindungan Konsumen,Kejahatan Berat,K1
makanan berbahaya,Perlindungan Konsumen,Kejahatan Berat,K1
kosmetik ilegal,Perlindungan Konsumen,Kejahatan Berat,K1
obat ilegal,Perlindungan Konsumen,Kejahatan Berat,K1
penipuan konsumen,Perlindungan Konsumen,Kejahatan Berat,K1
takaran kurang,Perlindungan Konsumen,Kejahatan Berat,K1
produk oplosan,Perlindungan Konsumen,Kejahatan Berat,K1
cemar sungai,Lingkungan,Kejahatan Berat,K1
limbah,Lingkungan,Kejahatan Berat,K1
buang limbah,Lingkungan,Kejahatan Berat,K1
pencemaran,Lingkungan,Kejahatan Berat,K1
asap,Lingkungan,Kejahatan Berat,K1
sampah ilegal,Lingkungan,Kejahatan Berat,K1
limbah b3,Lingkungan,Kejahatan Berat,K1
polusi,Lingkungan,Kejahatan Berat,K1
pencemaran udara,Lingkungan,Kejahatan Berat,K1
pencemaran tanah,Lingkungan,Kejahatan Berat,K1
kdrt ditangkap,KDRT,Kejahatan Berat,K1
kdrt diamankan,KDRT,Kejahatan Berat,K1
kdrt terungkap,KDRT,Kejahatan Berat,K1
kdrt diungkap,KDRT,Kejahatan Berat,K1
kdrt jaringan,KDRT,Kejahatan Berat,K1
kekerasan dalam rumah tangga ditangkap,KDRT,Kejahatan Berat,K1
kekerasan dalam rumah tangga diamankan,KDRT,Kejahatan Berat,K1
kekerasan dalam rumah tangga terungkap,KDRT,Kejahatan Berat,K1
kekerasan dalam rumah tangga diungkap,KDRT,Kejahatan Berat,K1
kekerasan dalam rumah tangga jaringan,KDRT,Kejahatan Berat,K1
aniaya istri ditangkap,KDRT,Kejahatan Berat,K1
aniaya istri diamankan,KDRT,Kejahatan Berat,K1
aniaya istri terungkap,KDRT,Kejahatan Berat,K1
aniaya istri diungkap,KDRT,Kejahatan Berat,K1
aniaya istri jaringan,KDRT,Kejahatan Berat,K1
aniaya suami ditangkap,KDRT,Kejahatan Berat,K1
aniaya suami diamankan,KDRT,Kejahatan Berat,K1
aniaya suami terungkap,KDRT,Kejahatan Berat,K1
aniaya suami diungkap,KDRT,Kejahatan Berat,K1
aniaya suami jaringan,KDRT,Kejahatan Berat,K1
aniaya anak ditangkap,KDRT,Kejahatan Berat,K1
aniaya anak diamankan,KDRT,Kejahatan Berat,K1
aniaya anak terungkap,KDRT,Kejahatan Berat,K1
aniaya anak diungkap,KDRT,Kejahatan Berat,K1
aniaya anak jaringan,KDRT,Kejahatan Berat,K1
kdrt berat ditangkap,KDRT,Kejahatan Berat,K1
kdrt berat diamankan,KDRT,Kejahatan Berat,K1
kdrt berat terungkap,KDRT,Kejahatan Berat,K1
kdrt berat diungkap,KDRT,Kejahatan Berat,K1
kdrt berat jaringan,KDRT,Kejahatan Berat,K1
pemukulan pasangan ditangkap,KDRT,Kejahatan Berat,K1
pemukulan pasangan diamankan,KDRT,Kejahatan Berat,K1
pemukulan pasangan terungkap,KDRT,Kejahatan Berat,K1
pemukulan pasangan diungkap,KDRT,Kejahatan Berat,K1
pemukulan pasangan jaringan,KDRT,Kejahatan Berat,K1
kekerasan rumah tangga ditangkap,KDRT,Kejahatan Berat,K1
kekerasan rumah tangga diamankan,KDRT,Kejahatan Berat,K1
kekerasan rumah tangga terungkap,KDRT,Kejahatan Berat,K1
kekerasan rumah tangga diungkap,KDRT,Kejahatan Berat,K1
kekerasan rumah tangga jaringan,KDRT,Kejahatan Berat,K1
penganiayaan keluarga ditangkap,KDRT,Kejahatan Berat,K1
penganiayaan keluarga diamankan,KDRT,Kejahatan Berat,K1
penganiayaan keluarga terungkap,KDRT,Kejahatan Berat,K1
penganiayaan keluarga diungkap,KDRT,Kejahatan Berat,K1
penganiayaan keluarga jaringan,KDRT,Kejahatan Berat,K1
korban kdrt ditangkap,KDRT,Kejahatan Berat,K1
korban kdrt diamankan,KDRT,Kejahatan Berat,K1
korban kdrt terungkap,KDRT,Kejahatan Berat,K1
korban kdrt diungkap,KDRT,Kejahatan Berat,K1
korban kdrt jaringan,KDRT,Kejahatan Berat,K1
perdagangan satwa ditangkap,Perdagangan Satwa,Kejahatan Berat,K1
perdagangan satwa diamankan,Perdagangan Satwa,Kejahatan Berat,K1
perdagangan satwa terungkap,Perdagangan Satwa,Kejahatan Berat,K1
perdagangan satwa diungkap,Perdagangan Satwa,Kejahatan Berat,K1
perdagangan satwa jaringan,Perdagangan Satwa,Kejahatan Berat,K1
satwa dilindungi ditangkap,Perdagangan Satwa,Kejahatan Berat,K1
satwa dilindungi diamankan,Perdagangan Satwa,Kejahatan Berat,K1
satwa dilindungi terungkap,Perdagangan Satwa,Kejahatan Berat,K1
satwa dilindungi diungkap,Perdagangan Satwa,Kejahatan Berat,K1
satwa dilindungi jaringan,Perdagangan Satwa,Kejahatan Berat,K1
kulit harimau ditangkap,Perdagangan Satwa,Kejahatan Berat,K1
kulit harimau diamankan,Perdagangan Satwa,Kejahatan Berat,K1
kulit harimau terungkap,Perdagangan Satwa,Kejahatan Berat,K1
kulit harimau diungkap,Perdagangan Satwa,Kejahatan Berat,K1
kulit harimau jaringan,Perdagangan Satwa,Kejahatan Berat,K1
gading gajah ditangkap,Perdagangan Satwa,Kejahatan Berat,K1
gading gajah diamankan,Perdagangan Satwa,Kejahatan Berat,K1
gading gajah terungkap,Perdagangan Satwa,Kejahatan Berat,K1
gading gajah diungkap,Perdagangan Satwa,Kejahatan Berat,K1
gading gajah jaringan,Perdagangan Satwa,Kejahatan Berat,K1
trenggiling ditangkap,Perdagangan Satwa,Kejahatan Berat,K1
trenggiling diamankan,Perdagangan Satwa,Kejahatan Berat,K1
trenggiling terungkap,Perdagangan Satwa,Kejahatan Berat,K1
trenggiling diungkap,Perdagangan Satwa,Kejahatan Berat,K1
trenggiling jaringan,Perdagangan Satwa,Kejahatan Berat,K1
burung dilindungi ditangkap,Perdagangan Satwa,Kejahatan Berat,K1
burung dilindungi diamankan,Perdagangan Satwa,Kejahatan Berat,K1
burung dilindungi terungkap,Perdagangan Satwa,Kejahatan Berat,K1
burung dilindungi diungkap,Perdagangan Satwa,Kejahatan Berat,K1
burung dilindungi jaringan,Perdagangan Satwa,Kejahatan Berat,K1
jual satwa ditangkap,Perdagangan Satwa,Kejahatan Berat,K1
jual satwa diamankan,Perdagangan Satwa,Kejahatan Berat,K1
jual satwa terungkap,Perdagangan Satwa,Kejahatan Berat,K1
jual satwa diungkap,Perdagangan Satwa,Kejahatan Berat,K1
jual satwa jaringan,Perdagangan Satwa,Kejahatan Berat,K1
selundup satwa ditangkap,Perdagangan Satwa,Kejahatan Berat,K1
selundup satwa diamankan,Perdagangan Satwa,Kejahatan Berat,K1
selundup satwa terungkap,Perdagangan Satwa,Kejahatan Berat,K1
selundup satwa diungkap,Perdagangan Satwa,Kejahatan Berat,K1
selundup satwa jaringan,Perdagangan Satwa,Kejahatan Berat,K1
perburuan liar ditangkap,Perdagangan Satwa,Kejahatan Berat,K1
perburuan liar diamankan,Perdagangan Satwa,Kejahatan Berat,K1
perburuan liar terungkap,Perdagangan Satwa,Kejahatan Berat,K1
perburuan liar diungkap,Perdagangan Satwa,Kejahatan Berat,K1
perburuan liar jaringan,Perdagangan Satwa,Kejahatan Berat,K1
satwa ilegal ditangkap,Perdagangan Satwa,Kejahatan Berat,K1
satwa ilegal diamankan,Perdagangan Satwa,Kejahatan Berat,K1
satwa ilegal terungkap,Perdagangan Satwa,Kejahatan Berat,K1
satwa ilegal diungkap,Perdagangan Satwa,Kejahatan Berat,K1
satwa ilegal jaringan,Perdagangan Satwa,Kejahatan Berat,K1
illegal logging ditangkap,Illegal Logging,Kejahatan Berat,K1
illegal logging diamankan,Illegal Logging,Kejahatan Berat,K1
illegal logging terungkap,Illegal Logging,Kejahatan Berat,K1
illegal logging diungkap,Illegal Logging,Kejahatan Berat,K1
illegal logging jaringan,Illegal Logging,Kejahatan Berat,K1
pembalakan liar ditangkap,Illegal Logging,Kejahatan Berat,K1
pembalakan liar diamankan,Illegal Logging,Kejahatan Berat,K1
pembalakan liar terungkap,Illegal Logging,Kejahatan Berat,K1
pembalakan liar diungkap,Illegal Logging,Kejahatan Berat,K1
pembalakan liar jaringan,Illegal Logging,Kejahatan Berat,K1
kayu ilegal ditangkap,Illegal Logging,Kejahatan Berat,K1
kayu ilegal diamankan,Illegal Logging,Kejahatan Berat,K1
kayu ilegal terungkap,Illegal Logging,Kejahatan Berat,K1
kayu ilegal diungkap,Illegal Logging,Kejahatan Berat,K1
kayu ilegal jaringan,Illegal Logging,Kejahatan Berat,K1
tebang liar ditangkap,Illegal Logging,Kejahatan Berat,K1
tebang liar diamankan,Illegal Logging,Kejahatan Berat,K1
tebang liar terungkap,Illegal Logging,Kejahatan Berat,K1
tebang liar diungkap,Illegal Logging,Kejahatan Berat,K1
tebang liar jaringan,Illegal Logging,Kejahatan Berat,K1
balok kayu ditangkap,Illegal Logging,Kejahatan Berat,K1
balok kayu diamankan,Illegal Logging,Kejahatan Berat,K1
balok kayu terungkap,Illegal Logging,Kejahatan Berat,K1
balok kayu diungkap,Illegal Logging,Kejahatan Berat,K1
balok kayu jaringan,Illegal Logging,Kejahatan Berat,K1
hutan lindung ditangkap,Illegal Logging,Kejahatan Berat,K1
hutan lindung diamankan,Illegal Logging,Kejahatan Berat,K1
hutan lindung terungkap,Illegal Logging,Kejahatan Berat,K1
hutan lindung diungkap,Illegal Logging,Kejahatan Berat,K1
hutan lindung jaringan,Illegal Logging,Kejahatan Berat,K1
perusakan hutan ditangkap,Illegal Logging,Kejahatan Berat,K1
perusakan hutan diamankan,Illegal Logging,Kejahatan Berat,K1
perusakan hutan terungkap,Illegal Logging,Kejahatan Berat,K1
perusakan hutan diungkap,Illegal Logging,Kejahatan Berat,K1
perusakan hutan jaringan,Illegal Logging,Kejahatan Berat,K1
mafia kayu ditangkap,Illegal Logging,Kejahatan Berat,K1
mafia kayu diamankan,Illegal Logging,Kejahatan Berat,K1
mafia kayu terungkap,Illegal Logging,Kejahatan Berat,K1
mafia kayu diungkap,Illegal Logging,Kejahatan Berat,K1
mafia kayu jaringan,Illegal Logging,Kejahatan Berat,K1
penebangan ilegal ditangkap,Illegal Logging,Kejahatan Berat,K1
penebangan ilegal diamankan,Illegal Logging,Kejahatan Berat,K1
penebangan ilegal terungkap,Illegal Logging,Kejahatan Berat,K1
penebangan ilegal diungkap,Illegal Logging,Kejahatan Berat,K1
penebangan ilegal jaringan,Illegal Logging,Kejahatan Berat,K1
kayu selundupan ditangkap,Illegal Logging,Kejahatan Berat,K1
kayu selundupan diamankan,Illegal Logging,Kejahatan Berat,K1
kayu selundupan terungkap,Illegal Logging,Kejahatan Berat,K1
kayu selundupan diungkap,Illegal Logging,Kejahatan Berat,K1
kayu selundupan jaringan,Illegal Logging,Kejahatan Berat,K1
tambang ilegal ditangkap,Illegal Mining,Kejahatan Berat,K1
tambang ilegal diamankan,Illegal Mining,Kejahatan Berat,K1
tambang ilegal terungkap,Illegal Mining,Kejahatan Berat,K1
tambang ilegal diungkap,Illegal Mining,Kejahatan Berat,K1
tambang ilegal jaringan,Illegal Mining,Kejahatan Berat,K1
peti ditangkap,Illegal Mining,Kejahatan Berat,K1
peti diamankan,Illegal Mining,Kejahatan Berat,K1
peti terungkap,Illegal Mining,Kejahatan Berat,K1
peti diungkap,Illegal Mining,Kejahatan Berat,K1
peti jaringan,Illegal Mining,Kejahatan Berat,K1
illegal mining ditangkap,Illegal Mining,Kejahatan Berat,K1
illegal mining diamankan,Illegal Mining,Kejahatan Berat,K1
illegal mining terungkap,Illegal Mining,Kejahatan Berat,K1
illegal mining diungkap,Illegal Mining,Kejahatan Berat,K1
illegal mining jaringan,Illegal Mining,Kejahatan Berat,K1
emas ilegal ditangkap,Illegal Mining,Kejahatan Berat,K1
emas ilegal diamankan,Illegal Mining,Kejahatan Berat,K1
emas ilegal terungkap,Illegal Mining,Kejahatan Berat,K1
emas ilegal diungkap,Illegal Mining,Kejahatan Berat,K1
emas ilegal jaringan,Illegal Mining,Kejahatan Berat,K1
galian ilegal ditangkap,Illegal Mining,Kejahatan Berat,K1
galian ilegal diamankan,Illegal Mining,Kejahatan Berat,K1
galian ilegal terungkap,Illegal Mining,Kejahatan Berat,K1
galian ilegal diungkap,Illegal Mining,Kejahatan Berat,K1
galian ilegal jaringan,Illegal Mining,Kejahatan Berat,K1
penambangan liar ditangkap,Illegal Mining,Kejahatan Berat,K1
penambangan liar diamankan,Illegal Mining,Kejahatan Berat,K1
penambangan liar terungkap,Illegal Mining,Kejahatan Berat,K1
penambangan liar diungkap,Illegal Mining,Kejahatan Berat,K1
penambangan liar jaringan,Illegal Mining,Kejahatan Berat,K1
tambang tanpa izin ditangkap,Illegal Mining,Kejahatan Berat,K1
tambang tanpa izin diamankan,Illegal Mining,Kejahatan Berat,K1
tambang tanpa izin terungkap,Illegal Mining,Kejahatan Berat,K1
tambang tanpa izin diungkap,Illegal Mining,Kejahatan Berat,K1
tambang tanpa izin jaringan,Illegal Mining,Kejahatan Berat,K1
merkuri ditangkap,Illegal Mining,Kejahatan Berat,K1
merkuri diamankan,Illegal Mining,Kejahatan Berat,K1
merkuri terungkap,Illegal Mining,Kejahatan Berat,K1
merkuri diungkap,Illegal Mining,Kejahatan Berat,K1
merkuri jaringan,Illegal Mining,Kejahatan Berat,K1
alat berat ilegal ditangkap,Illegal Mining,Kejahatan Berat,K1
alat berat ilegal diamankan,Illegal Mining,Kejahatan Berat,K1
alat berat ilegal terungkap,Illegal Mining,Kejahatan Berat,K1
alat berat ilegal diungkap,Illegal Mining,Kejahatan Berat,K1
alat berat ilegal jaringan,Illegal Mining,Kejahatan Berat,K1
galian c ditangkap,Illegal Mining,Kejahatan Berat,K1
galian c diamankan,Illegal Mining,Kejahatan Berat,K1
galian c terungkap,Illegal Mining,Kejahatan Berat,K1
galian c diungkap,Illegal Mining,Kejahatan Berat,K1
galian c jaringan,Illegal Mining,Kejahatan Berat,K1
penyelundupan ditangkap,Penyelundupan,Kejahatan Berat,K1
penyelundupan diamankan,Penyelundupan,Kejahatan Berat,K1
penyelundupan terungkap,Penyelundupan,Kejahatan Berat,K1
penyelundupan diungkap,Penyelundupan,Kejahatan Berat,K1
penyelundupan jaringan,Penyelundupan,Kejahatan Berat,K1
barang selundupan ditangkap,Penyelundupan,Kejahatan Berat,K1
barang selundupan diamankan,Penyelundupan,Kejahatan Berat,K1
barang selundupan terungkap,Penyelundupan,Kejahatan Berat,K1
barang selundupan diungkap,Penyelundupan,Kejahatan Berat,K1
barang selundupan jaringan,Penyelundupan,Kejahatan Berat,K1
rokok ilegal ditangkap,Penyelundupan,Kejahatan Berat,K1
rokok ilegal diamankan,Penyelundupan,Kejahatan Berat,K1
rokok ilegal terungkap,Penyelundupan,Kejahatan Berat,K1
rokok ilegal diungkap,Penyelundupan,Kejahatan Berat,K1
rokok ilegal jaringan,Penyelundupan,Kejahatan Berat,K1
miras ilegal ditangkap,Penyelundupan,Kejahatan Berat,K1
miras ilegal diamankan,Penyelundupan,Kejahatan Berat,K1
miras ilegal terungkap,Penyelundupan,Kejahatan Berat,K1
miras ilegal diungkap,Penyelundupan,Kejahatan Berat,K1
miras ilegal jaringan,Penyelundupan,Kejahatan Berat,K1
impor ilegal ditangkap,Penyelundupan,Kejahatan Berat,K1
impor ilegal diamankan,Penyelundupan,Kejahatan Berat,K1
impor ilegal terungkap,Penyelundupan,Kejahatan Berat,K1
impor ilegal diungkap,Penyelundupan,Kejahatan Berat,K1
impor ilegal jaringan,Penyelundupan,Kejahatan Berat,K1
ekspor ilegal ditangkap,Penyelundupan,Kejahatan Berat,K1
ekspor ilegal diamankan,Penyelundupan,Kejahatan Berat,K1
ekspor ilegal terungkap,Penyelundupan,Kejahatan Berat,K1
ekspor ilegal diungkap,Penyelundupan,Kejahatan Berat,K1
ekspor ilegal jaringan,Penyelundupan,Kejahatan Berat,K1
kontainer ilegal ditangkap,Penyelundupan,Kejahatan Berat,K1
kontainer ilegal diamankan,Penyelundupan,Kejahatan Berat,K1
kontainer ilegal terungkap,Penyelundupan,Kejahatan Berat,K1
kontainer ilegal diungkap,Penyelundupan,Kejahatan Berat,K1
kontainer ilegal jaringan,Penyelundupan,Kejahatan Berat,K1
bea cukai ditangkap,Penyelundupan,Kejahatan Berat,K1
bea cukai diamankan,Penyelundupan,Kejahatan Berat,K1
bea cukai terungkap,Penyelundupan,Kejahatan Berat,K1
bea cukai diungkap,Penyelundupan,Kejahatan Berat,K1
bea cukai jaringan,Penyelundupan,Kejahatan Berat,K1
smuggling ditangkap,Penyelundupan,Kejahatan Berat,K1
smuggling diamankan,Penyelundupan,Kejahatan Berat,K1
smuggling terungkap,Penyelundupan,Kejahatan Berat,K1
smuggling diungkap,Penyelundupan,Kejahatan Berat,K1
smuggling jaringan,Penyelundupan,Kejahatan Berat,K1
selundup ditangkap,Penyelundupan,Kejahatan Berat,K1
selundup diamankan,Penyelundupan,Kejahatan Berat,K1
selundup terungkap,Penyelundupan,Kejahatan Berat,K1
selundup diungkap,Penyelundupan,Kejahatan Berat,K1
selundup jaringan,Penyelundupan,Kejahatan Berat,K1
pemalsuan ditangkap,Pemalsuan,Kejahatan Berat,K1
pemalsuan diamankan,Pemalsuan,Kejahatan Berat,K1
pemalsuan terungkap,Pemalsuan,Kejahatan Berat,K1
pemalsuan diungkap,Pemalsuan,Kejahatan Berat,K1
pemalsuan jaringan,Pemalsuan,Kejahatan Berat,K1
dokumen palsu ditangkap,Pemalsuan,Kejahatan Berat,K1
dokumen palsu diamankan,Pemalsuan,Kejahatan Berat,K1
dokumen palsu terungkap,Pemalsuan,Kejahatan Berat,K1
dokumen palsu diungkap,Pemalsuan,Kejahatan Berat,K1
dokumen palsu jaringan,Pemalsuan,Kejahatan Berat,K1
ijazah palsu ditangkap,Pemalsuan,Kejahatan Berat,K1
ijazah palsu diamankan,Pemalsuan,Kejahatan Berat,K1
ijazah palsu terungkap,Pemalsuan,Kejahatan Berat,K1
ijazah palsu diungkap,Pemalsuan,Kejahatan Berat,K1
ijazah palsu jaringan,Pemalsuan,Kejahatan Berat,K1
sertifikat palsu ditangkap,Pemalsuan,Kejahatan Berat,K1
sertifikat palsu diamankan,Pemalsuan,Kejahatan Berat,K1
sertifikat palsu terungkap,Pemalsuan,Kejahatan Berat,K1
sertifikat palsu diungkap,Pemalsuan,Kejahatan Berat,K1
sertifikat palsu jaringan,Pemalsuan,Kejahatan Berat,K1
identitas palsu ditangkap,Pemalsuan,Kejahatan Berat,K1
identitas palsu diamankan,Pemalsuan,Kejahatan Berat,K1
identitas palsu terungkap,Pemalsuan,Kejahatan Berat,K1
identitas palsu diungkap,Pemalsuan,Kejahatan Berat,K1
identitas palsu jaringan,Pemalsuan,Kejahatan Berat,K1
ktp palsu ditangkap,Pemalsuan,Kejahatan Berat,K1
ktp palsu diamankan,Pemalsuan,Kejahatan Berat,K1
ktp palsu terungkap,Pemalsuan,Kejahatan Berat,K1
ktp palsu diungkap,Pemalsuan,Kejahatan Berat,K1
ktp palsu jaringan,Pemalsuan,Kejahatan Berat,K1
paspor palsu ditangkap,Pemalsuan,Kejahatan Berat,K1
paspor palsu diamankan,Pemalsuan,Kejahatan Berat,K1
paspor palsu terungkap,Pemalsuan,Kejahatan Berat,K1
paspor palsu diungkap,Pemalsuan,Kejahatan Berat,K1
paspor palsu jaringan,Pemalsuan,Kejahatan Berat,K1
surat palsu ditangkap,Pemalsuan,Kejahatan Berat,K1
surat palsu diamankan,Pemalsuan,Kejahatan Berat,K1
surat palsu terungkap,Pemalsuan,Kejahatan Berat,K1
surat palsu diungkap,Pemalsuan,Kejahatan Berat,K1
surat palsu jaringan,Pemalsuan,Kejahatan Berat,K1
akta palsu ditangkap,Pemalsuan,Kejahatan Berat,K1
akta palsu diamankan,Pemalsuan,Kejahatan Berat,K1
akta palsu terungkap,Pemalsuan,Kejahatan Berat,K1
akta palsu diungkap,Pemalsuan,Kejahatan Berat,K1
akta palsu jaringan,Pemalsuan,Kejahatan Berat,K1
uang palsu ditangkap,Pemalsuan,Kejahatan Berat,K1
uang palsu diamankan,Pemalsuan,Kejahatan Berat,K1
uang palsu terungkap,Pemalsuan,Kejahatan Berat,K1
uang palsu diungkap,Pemalsuan,Kejahatan Berat,K1
uang palsu jaringan,Pemalsuan,Kejahatan Berat,K1
senjata api ditangkap,Senjata Api,Kejahatan Berat,K1
senjata api diamankan,Senjata Api,Kejahatan Berat,K1
senjata api terungkap,Senjata Api,Kejahatan Berat,K1
senjata api diungkap,Senjata Api,Kejahatan Berat,K1
senjata api jaringan,Senjata Api,Kejahatan Berat,K1
senpi rakitan ditangkap,Senjata Api,Kejahatan Berat,K1
senpi rakitan diamankan,Senjata Api,Kejahatan Berat,K1
senpi rakitan terungkap,Senjata Api,Kejahatan Berat,K1
senpi rakitan diungkap,Senjata Api,Kejahatan Berat,K1
senpi rakitan jaringan,Senjata Api,Kejahatan Berat,K1
amunisi ditangkap,Senjata Api,Kejahatan Berat,K1
amunisi diamankan,Senjata Api,Kejahatan Berat,K1
amunisi terungkap,Senjata Api,Kejahatan Berat,K1
amunisi diungkap,Senjata Api,Kejahatan Berat,K1
amunisi jaringan,Senjata Api,Kejahatan Berat,K1
peluru ditangkap,Senjata Api,Kejahatan Berat,K1
peluru diamankan,Senjata Api,Kejahatan Berat,K1
peluru terungkap,Senjata Api,Kejahatan Berat,K1
peluru diungkap,Senjata Api,Kejahatan Berat,K1
peluru jaringan,Senjata Api,Kejahatan Berat,K1
pistol ilegal ditangkap,Senjata Api,Kejahatan Berat,K1
pistol ilegal diamankan,Senjata Api,Kejahatan Berat,K1
pistol ilegal terungkap,Senjata Api,Kejahatan Berat,K1
pistol ilegal diungkap,Senjata Api,Kejahatan Berat,K1
pistol ilegal jaringan,Senjata Api,Kejahatan Berat,K1
revolver ditangkap,Senjata Api,Kejahatan Berat,K1
revolver diamankan,Senjata Api,Kejahatan Berat,K1
revolver terungkap,Senjata Api,Kejahatan Berat,K1
revolver diungkap,Senjata Api,Kejahatan Berat,K1
revolver jaringan,Senjata Api,Kejahatan Berat,K1
laras panjang ditangkap,Senjata Api,Kejahatan Berat,K1
laras panjang diamankan,Senjata Api,Kejahatan Berat,K1
laras panjang terungkap,Senjata Api,Kejahatan Berat,K1
laras panjang diungkap,Senjata Api,Kejahatan Berat,K1
laras panjang jaringan,Senjata Api,Kejahatan Berat,K1
jual senpi ditangkap,Senjata Api,Kejahatan Berat,K1
jual senpi diamankan,Senjata Api,Kejahatan Berat,K1
jual senpi terungkap,Senjata Api,Kejahatan Berat,K1
jual senpi diungkap,Senjata Api,Kejahatan Berat,K1
jual senpi jaringan,Senjata Api,Kejahatan Berat,K1
kepemilikan senpi ditangkap,Senjata Api,Kejahatan Berat,K1
kepemilikan senpi diamankan,Senjata Api,Kejahatan Berat,K1
kepemilikan senpi terungkap,Senjata Api,Kejahatan Berat,K1
kepemilikan senpi diungkap,Senjata Api,Kejahatan Berat,K1
kepemilikan senpi jaringan,Senjata Api,Kejahatan Berat,K1
senjata ilegal ditangkap,Senjata Api,Kejahatan Berat,K1
senjata ilegal diamankan,Senjata Api,Kejahatan Berat,K1
senjata ilegal terungkap,Senjata Api,Kejahatan Berat,K1
senjata ilegal diungkap,Senjata Api,Kejahatan Berat,K1
senjata ilegal jaringan,Senjata Api,Kejahatan Berat,K1
curi ayam ditangkap,Pencurian Ringan,Kejahatan Ringan,K2
curi ayam diamankan,Pencurian Ringan,Kejahatan Ringan,K2
curi ayam terungkap,Pencurian Ringan,Kejahatan Ringan,K2
curi ayam diungkap,Pencurian Ringan,Kejahatan Ringan,K2
curi ayam jaringan,Pencurian Ringan,Kejahatan Ringan,K2
curi sandal ditangkap,Pencurian Ringan,Kejahatan Ringan,K2
curi sandal diamankan,Pencurian Ringan,Kejahatan Ringan,K2
curi sandal terungkap,Pencurian Ringan,Kejahatan Ringan,K2
curi sandal diungkap,Pencurian Ringan,Kejahatan Ringan,K2
curi sandal jaringan,Pencurian Ringan,Kejahatan Ringan,K2
curi helm ditangkap,Pencurian Ringan,Kejahatan Ringan,K2
curi helm diamankan,Pencurian Ringan,Kejahatan Ringan,K2
curi helm terungkap,Pencurian Ringan,Kejahatan Ringan,K2
curi helm diungkap,Pencurian Ringan,Kejahatan Ringan,K2
curi helm jaringan,Pencurian Ringan,Kejahatan Ringan,K2
curi buah ditangkap,Pencurian Ringan,Kejahatan Ringan,K2
curi buah diamankan,Pencurian Ringan,Kejahatan Ringan,K2
curi buah terungkap,Pencurian Ringan,Kejahatan Ringan,K2
curi buah diungkap,Pencurian Ringan,Kejahatan Ringan,K2
curi buah jaringan,Pencurian Ringan,Kejahatan Ringan,K2
curi tabung gas ditangkap,Pencurian Ringan,Kejahatan Ringan,K2
curi tabung gas diamankan,Pencurian Ringan,Kejahatan Ringan,K2
curi tabung gas terungkap,Pencurian Ringan,Kejahatan Ringan,K2
curi tabung gas diungkap,Pencurian Ringan,Kejahatan Ringan,K2
curi tabung gas jaringan,Pencurian Ringan,Kejahatan Ringan,K2
curi besi ditangkap,Pencurian Ringan,Kejahatan Ringan,K2
curi besi diamankan,Pencurian Ringan,Kejahatan Ringan,K2
curi besi terungkap,Pencurian Ringan,Kejahatan Ringan,K2
curi besi diungkap,Pencurian Ringan,Kejahatan Ringan,K2
curi besi jaringan,Pencurian Ringan,Kejahatan Ringan,K2
pembobolan bank,Perbankan,Kejahatan Berat,K1
fraud bank,Perbankan,Kejahatan Berat,K1
rekening fiktif,Perbankan,Kejahatan Berat,K1
transfer ilegal,Perbankan,Kejahatan Berat,K1
skimming,Perbankan,Kejahatan Berat,K1
carding,Perbankan,Kejahatan Berat,K1
ATM dibobol,Perbankan,Kejahatan Berat,K1
kejahatan bank,Perbankan,Kejahatan Berat,K1
transaksi ilegal,Perbankan,Kejahatan Berat,K1
rekening nominee,Perbankan,Kejahatan Berat,K1
imigran ilegal,Imigrasi,Kejahatan Ringan,K2
paspor palsu,Imigrasi,Kejahatan Ringan,K2
visa palsu,Imigrasi,Kejahatan Ringan,K2
penyelundupan migran,Imigrasi,Kejahatan Ringan,K2
overstay,Imigrasi,Kejahatan Ringan,K2
dokumen perjalanan palsu,Imigrasi,Kejahatan Ringan,K2
masuk ilegal,Imigrasi,Kejahatan Ringan,K2
keluar ilegal,Imigrasi,Kejahatan Ringan,K2
pemalsuan visa,Imigrasi,Kejahatan Ringan,K2
deportasi,Imigrasi,Kejahatan Ringan,K2
illegal fishing,Perikanan,Kejahatan Berat,K1
bom ikan,Perikanan,Kejahatan Berat,K1
racun ikan,Perikanan,Kejahatan Berat,K1
kapal asing,Perikanan,Kejahatan Berat,K1
cantrang ilegal,Perikanan,Kejahatan Berat,K1
penangkapan ilegal,Perikanan,Kejahatan Berat,K1
alat tangkap terlarang,Perikanan,Kejahatan Berat,K1
penyelundupan benih,Perikanan,Kejahatan Berat,K1
benih lobster,Perikanan,Kejahatan Berat,K1
perikanan ilegal,Perikanan,Kejahatan Berat,K1
penimbunan,Perdagangan,Kejahatan Berat,K1
mafia pangan,Perdagangan,Kejahatan Berat,K1
distribusi ilegal,Perdagangan,Kejahatan Berat,K1
barang impor ilegal,Perdagangan,Kejahatan Berat,K1
ekspor ilegal,Perdagangan,Kejahatan Berat,K1
penyelundupan barang,Perdagangan,Kejahatan Berat,K1
monopoli ilegal,Perdagangan,Kejahatan Berat,K1
kartel,Perdagangan,Kejahatan Berat,K1
barang selundupan,Perdagangan,Kejahatan Berat,K1
harga ilegal,Perdagangan,Kejahatan Berat,K1
merusak fasilitas,Perusakan Fasilitas,Kejahatan Berat,K1
coret tembok,Perusakan Fasilitas,Kejahatan Berat,K1
vandalisme,Perusakan Fasilitas,Kejahatan Berat,K1
rusak halte,Perusakan Fasilitas,Kejahatan Berat,K1
rusak lampu jalan,Perusakan Fasilitas,Kejahatan Berat,K1
pecah kaca,Perusakan Fasilitas,Kejahatan Berat,K1
rusak taman,Perusakan Fasilitas,Kejahatan Berat,K1
rusak sekolah,Perusakan Fasilitas,Kejahatan Berat,K1
rusak kantor,Perusakan Fasilitas,Kejahatan Berat,K1
pengrusakan ringan,Perusakan Fasilitas,Kejahatan Berat,K1
mabuk di jalan,Gangguan Ketertiban,Kejahatan Ringan,K2
buat onar,Gangguan Ketertiban,Kejahatan Ringan,K2
mengganggu warga,Gangguan Ketertiban,Kejahatan Ringan,K2
ribut,Gangguan Ketertiban,Kejahatan Ringan,K2
adu mulut,Gangguan Ketertiban,Kejahatan Ringan,K2
teriak-teriak,Gangguan Ketertiban,Kejahatan Ringan,K2
keributan warga,Gangguan Ketertiban,Kejahatan Ringan,K2
gangguan malam,Gangguan Ketertiban,Kejahatan Ringan,K2
ketertiban umum,Gangguan Ketertiban,Kejahatan Ringan,K2
resahkan warga,Gangguan Ketertiban,Kejahatan Ringan,K2
izin palsu,Pelanggaran Administrasi,Kejahatan Ringan,K2
tidak berizin,Pelanggaran Administrasi,Kejahatan Ringan,K2
administrasi palsu,Pelanggaran Administrasi,Kejahatan Ringan,K2
usaha ilegal,Pelanggaran Administrasi,Kejahatan Ringan,K2
izin usaha,Pelanggaran Administrasi,Kejahatan Ringan,K2
dokumen tidak lengkap,Pelanggaran Administrasi,Kejahatan Ringan,K2
pelanggaran izin,Pelanggaran Administrasi,Kejahatan Ringan,K2
administratif,Pelanggaran Administrasi,Kejahatan Ringan,K2
perizinan,Pelanggaran Administrasi,Kejahatan Ringan,K2
usaha tanpa izin,Pelanggaran Administrasi,Kejahatan Ringan,K2
hoaks,Hoaks,Kejahatan Ringan,K2
berita bohong,Hoaks,Kejahatan Ringan,K2
informasi palsu,Hoaks,Kejahatan Ringan,K2
provokasi online,Hoaks,Kejahatan Ringan,K2
fitnah online,Hoaks,Kejahatan Ringan,K2
konten palsu,Hoaks,Kejahatan Ringan,K2
akun anonim,Hoaks,Kejahatan Ringan,K2
unggahan palsu,Hoaks,Kejahatan Ringan,K2
disinformasi,Hoaks,Kejahatan Ringan,K2
misinformasi,Hoaks,Kejahatan Ringan,K2
miras oplosan,Perdagangan Minuman,Kejahatan Ringan,K2
jual miras,Perdagangan Minuman,Kejahatan Ringan,K2
edar miras,Perdagangan Minuman,Kejahatan Ringan,K2
alkohol ilegal,Perdagangan Minuman,Kejahatan Ringan,K2
minuman oplosan,Perdagangan Minuman,Kejahatan Ringan,K2
miras tanpa izin,Perdagangan Minuman,Kejahatan Ringan,K2
mabuk miras,Perdagangan Minuman,Kejahatan Ringan,K2
minuman keras,Perdagangan Minuman,Kejahatan Ringan,K2
miras,Perdagangan Minuman,Kejahatan Ringan,K2
pesta miras,Perdagangan Minuman,Kejahatan Ringan,K2
obat palsu,Kesehatan,Kejahatan Berat,K1
farmasi ilegal,Kesehatan,Kejahatan Berat,K1
praktik ilegal,Kesehatan,Kejahatan Berat,K1
klinik ilegal,Kesehatan,Kejahatan Berat,K1
dokter palsu,Kesehatan,Kejahatan Berat,K1
vaksin palsu,Kesehatan,Kejahatan Berat,K1
alat kesehatan palsu,Kesehatan,Kejahatan Berat,K1
resep palsu,Kesehatan,Kejahatan Berat,K1
obat keras,Kesehatan,Kejahatan Berat,K1
izin praktik,Kesehatan,Kejahatan Berat,K1
pelaku pembobolan bank,Perbankan,Kejahatan Berat,K1
tersangka pembobolan bank,Perbankan,Kejahatan Berat,K1
korban pembobolan bank,Perbankan,Kejahatan Berat,K1
kasus pembobolan bank,Perbankan,Kejahatan Berat,K1
pengungkapan pembobolan bank,Perbankan,Kejahatan Berat,K1
pelaku fraud bank,Perbankan,Kejahatan Berat,K1
tersangka fraud bank,Perbankan,Kejahatan Berat,K1
korban fraud bank,Perbankan,Kejahatan Berat,K1
kasus fraud bank,Perbankan,Kejahatan Berat,K1
pengungkapan fraud bank,Perbankan,Kejahatan Berat,K1
pelaku rekening fiktif,Perbankan,Kejahatan Berat,K1
tersangka rekening fiktif,Perbankan,Kejahatan Berat,K1
korban rekening fiktif,Perbankan,Kejahatan Berat,K1
kasus rekening fiktif,Perbankan,Kejahatan Berat,K1
pengungkapan rekening fiktif,Perbankan,Kejahatan Berat,K1
pelaku transfer ilegal,Perbankan,Kejahatan Berat,K1
tersangka transfer ilegal,Perbankan,Kejahatan Berat,K1
korban transfer ilegal,Perbankan,Kejahatan Berat,K1
kasus transfer ilegal,Perbankan,Kejahatan Berat,K1
pengungkapan transfer ilegal,Perbankan,Kejahatan Berat,K1
pelaku skimming,Perbankan,Kejahatan Berat,K1
tersangka skimming,Perbankan,Kejahatan Berat,K1
korban skimming,Perbankan,Kejahatan Berat,K1
kasus skimming,Perbankan,Kejahatan Berat,K1
pengungkapan skimming,Perbankan,Kejahatan Berat,K1
pelaku carding,Perbankan,Kejahatan Berat,K1
tersangka carding,Perbankan,Kejahatan Berat,K1
korban carding,Perbankan,Kejahatan Berat,K1
kasus carding,Perbankan,Kejahatan Berat,K1
pengungkapan carding,Perbankan,Kejahatan Berat,K1
pelaku ATM dibobol,Perbankan,Kejahatan Berat,K1
tersangka ATM dibobol,Perbankan,Kejahatan Berat,K1
korban ATM dibobol,Perbankan,Kejahatan Berat,K1
kasus ATM dibobol,Perbankan,Kejahatan Berat,K1
pengungkapan ATM dibobol,Perbankan,Kejahatan Berat,K1
pelaku kejahatan bank,Perbankan,Kejahatan Berat,K1
tersangka kejahatan bank,Perbankan,Kejahatan Berat,K1
korban kejahatan bank,Perbankan,Kejahatan Berat,K1
kasus kejahatan bank,Perbankan,Kejahatan Berat,K1
pengungkapan kejahatan bank,Perbankan,Kejahatan Berat,K1
pelaku transaksi ilegal,Perbankan,Kejahatan Berat,K1
tersangka transaksi ilegal,Perbankan,Kejahatan Berat,K1
korban transaksi ilegal,Perbankan,Kejahatan Berat,K1
kasus transaksi ilegal,Perbankan,Kejahatan Berat,K1
pengungkapan transaksi ilegal,Perbankan,Kejahatan Berat,K1
pelaku rekening nominee,Perbankan,Kejahatan Berat,K1
tersangka rekening nominee,Perbankan,Kejahatan Berat,K1
korban rekening nominee,Perbankan,Kejahatan Berat,K1
kasus rekening nominee,Perbankan,Kejahatan Berat,K1
pengungkapan rekening nominee,Perbankan,Kejahatan Berat,K1
pelaku imigran ilegal,Imigrasi,Kejahatan Ringan,K2
tersangka imigran ilegal,Imigrasi,Kejahatan Ringan,K2
korban imigran ilegal,Imigrasi,Kejahatan Ringan,K2
kasus imigran ilegal,Imigrasi,Kejahatan Ringan,K2
pengungkapan imigran ilegal,Imigrasi,Kejahatan Ringan,K2
pelaku paspor palsu,Imigrasi,Kejahatan Ringan,K2
tersangka paspor palsu,Imigrasi,Kejahatan Ringan,K2
korban paspor palsu,Imigrasi,Kejahatan Ringan,K2
kasus paspor palsu,Imigrasi,Kejahatan Ringan,K2
pengungkapan paspor palsu,Imigrasi,Kejahatan Ringan,K2
pelaku visa palsu,Imigrasi,Kejahatan Ringan,K2
tersangka visa palsu,Imigrasi,Kejahatan Ringan,K2
korban visa palsu,Imigrasi,Kejahatan Ringan,K2
kasus visa palsu,Imigrasi,Kejahatan Ringan,K2
pengungkapan visa palsu,Imigrasi,Kejahatan Ringan,K2
pelaku penyelundupan migran,Imigrasi,Kejahatan Ringan,K2
tersangka penyelundupan migran,Imigrasi,Kejahatan Ringan,K2
korban penyelundupan migran,Imigrasi,Kejahatan Ringan,K2
kasus penyelundupan migran,Imigrasi,Kejahatan Ringan,K2
pengungkapan penyelundupan migran,Imigrasi,Kejahatan Ringan,K2
pelaku overstay,Imigrasi,Kejahatan Ringan,K2
tersangka overstay,Imigrasi,Kejahatan Ringan,K2
korban overstay,Imigrasi,Kejahatan Ringan,K2
kasus overstay,Imigrasi,Kejahatan Ringan,K2
pengungkapan overstay,Imigrasi,Kejahatan Ringan,K2
pelaku dokumen perjalanan palsu,Imigrasi,Kejahatan Ringan,K2
tersangka dokumen perjalanan palsu,Imigrasi,Kejahatan Ringan,K2
korban dokumen perjalanan palsu,Imigrasi,Kejahatan Ringan,K2
kasus dokumen perjalanan palsu,Imigrasi,Kejahatan Ringan,K2
pengungkapan dokumen perjalanan palsu,Imigrasi,Kejahatan Ringan,K2
pelaku masuk ilegal,Imigrasi,Kejahatan Ringan,K2
tersangka masuk ilegal,Imigrasi,Kejahatan Ringan,K2
korban masuk ilegal,Imigrasi,Kejahatan Ringan,K2
kasus masuk ilegal,Imigrasi,Kejahatan Ringan,K2
pengungkapan masuk ilegal,Imigrasi,Kejahatan Ringan,K2
pelaku keluar ilegal,Imigrasi,Kejahatan Ringan,K2
tersangka keluar ilegal,Imigrasi,Kejahatan Ringan,K2
korban keluar ilegal,Imigrasi,Kejahatan Ringan,K2
kasus keluar ilegal,Imigrasi,Kejahatan Ringan,K2
pengungkapan keluar ilegal,Imigrasi,Kejahatan Ringan,K2
pelaku pemalsuan visa,Imigrasi,Kejahatan Ringan,K2
tersangka pemalsuan visa,Imigrasi,Kejahatan Ringan,K2
korban pemalsuan visa,Imigrasi,Kejahatan Ringan,K2
kasus pemalsuan visa,Imigrasi,Kejahatan Ringan,K2
pengungkapan pemalsuan visa,Imigrasi,Kejahatan Ringan,K2
pelaku deportasi,Imigrasi,Kejahatan Ringan,K2
tersangka deportasi,Imigrasi,Kejahatan Ringan,K2
korban deportasi,Imigrasi,Kejahatan Ringan,K2
kasus deportasi,Imigrasi,Kejahatan Ringan,K2
pengungkapan deportasi,Imigrasi,Kejahatan Ringan,K2
pelaku illegal fishing,Perikanan,Kejahatan Berat,K1
tersangka illegal fishing,Perikanan,Kejahatan Berat,K1
korban illegal fishing,Perikanan,Kejahatan Berat,K1
kasus illegal fishing,Perikanan,Kejahatan Berat,K1
pengungkapan illegal fishing,Perikanan,Kejahatan Berat,K1
pelaku bom ikan,Perikanan,Kejahatan Berat,K1
tersangka bom ikan,Perikanan,Kejahatan Berat,K1
korban bom ikan,Perikanan,Kejahatan Berat,K1
kasus bom ikan,Perikanan,Kejahatan Berat,K1
pengungkapan bom ikan,Perikanan,Kejahatan Berat,K1
pelaku racun ikan,Perikanan,Kejahatan Berat,K1
tersangka racun ikan,Perikanan,Kejahatan Berat,K1
korban racun ikan,Perikanan,Kejahatan Berat,K1
kasus racun ikan,Perikanan,Kejahatan Berat,K1
pengungkapan racun ikan,Perikanan,Kejahatan Berat,K1
pelaku kapal asing,Perikanan,Kejahatan Berat,K1
tersangka kapal asing,Perikanan,Kejahatan Berat,K1
korban kapal asing,Perikanan,Kejahatan Berat,K1
kasus kapal asing,Perikanan,Kejahatan Berat,K1
pengungkapan kapal asing,Perikanan,Kejahatan Berat,K1
pelaku cantrang ilegal,Perikanan,Kejahatan Berat,K1
tersangka cantrang ilegal,Perikanan,Kejahatan Berat,K1
korban cantrang ilegal,Perikanan,Kejahatan Berat,K1
kasus cantrang ilegal,Perikanan,Kejahatan Berat,K1
pengungkapan cantrang ilegal,Perikanan,Kejahatan Berat,K1
pelaku penangkapan ilegal,Perikanan,Kejahatan Berat,K1
tersangka penangkapan ilegal,Perikanan,Kejahatan Berat,K1
korban penangkapan ilegal,Perikanan,Kejahatan Berat,K1
kasus penangkapan ilegal,Perikanan,Kejahatan Berat,K1
pengungkapan penangkapan ilegal,Perikanan,Kejahatan Berat,K1
pelaku alat tangkap terlarang,Perikanan,Kejahatan Berat,K1
tersangka alat tangkap terlarang,Perikanan,Kejahatan Berat,K1
korban alat tangkap terlarang,Perikanan,Kejahatan Berat,K1
kasus alat tangkap terlarang,Perikanan,Kejahatan Berat,K1
pengungkapan alat tangkap terlarang,Perikanan,Kejahatan Berat,K1
pelaku penyelundupan benih,Perikanan,Kejahatan Berat,K1
tersangka penyelundupan benih,Perikanan,Kejahatan Berat,K1
korban penyelundupan benih,Perikanan,Kejahatan Berat,K1
kasus penyelundupan benih,Perikanan,Kejahatan Berat,K1
pengungkapan penyelundupan benih,Perikanan,Kejahatan Berat,K1
pelaku benih lobster,Perikanan,Kejahatan Berat,K1
tersangka benih lobster,Perikanan,Kejahatan Berat,K1
korban benih lobster,Perikanan,Kejahatan Berat,K1
kasus benih lobster,Perikanan,Kejahatan Berat,K1
pengungkapan benih lobster,Perikanan,Kejahatan Berat,K1
pelaku perikanan ilegal,Perikanan,Kejahatan Berat,K1
tersangka perikanan ilegal,Perikanan,Kejahatan Berat,K1
korban perikanan ilegal,Perikanan,Kejahatan Berat,K1
kasus perikanan ilegal,Perikanan,Kejahatan Berat,K1
pengungkapan perikanan ilegal,Perikanan,Kejahatan Berat,K1
pelaku penimbunan,Perdagangan,Kejahatan Berat,K1
tersangka penimbunan,Perdagangan,Kejahatan Berat,K1
korban penimbunan,Perdagangan,Kejahatan Berat,K1
kasus penimbunan,Perdagangan,Kejahatan Berat,K1
pengungkapan penimbunan,Perdagangan,Kejahatan Berat,K1
pelaku mafia pangan,Perdagangan,Kejahatan Berat,K1
tersangka mafia pangan,Perdagangan,Kejahatan Berat,K1
korban mafia pangan,Perdagangan,Kejahatan Berat,K1
kasus mafia pangan,Perdagangan,Kejahatan Berat,K1
pengungkapan mafia pangan,Perdagangan,Kejahatan Berat,K1
pelaku distribusi ilegal,Perdagangan,Kejahatan Berat,K1
tersangka distribusi ilegal,Perdagangan,Kejahatan Berat,K1
korban distribusi ilegal,Perdagangan,Kejahatan Berat,K1
kasus distribusi ilegal,Perdagangan,Kejahatan Berat,K1
pengungkapan distribusi ilegal,Perdagangan,Kejahatan Berat,K1
pelaku barang impor ilegal,Perdagangan,Kejahatan Berat,K1
tersangka barang impor ilegal,Perdagangan,Kejahatan Berat,K1
korban barang impor ilegal,Perdagangan,Kejahatan Berat,K1
kasus barang impor ilegal,Perdagangan,Kejahatan Berat,K1
pengungkapan barang impor ilegal,Perdagangan,Kejahatan Berat,K1
pelaku ekspor ilegal,Perdagangan,Kejahatan Berat,K1
tersangka ekspor ilegal,Perdagangan,Kejahatan Berat,K1
korban ekspor ilegal,Perdagangan,Kejahatan Berat,K1
kasus ekspor ilegal,Perdagangan,Kejahatan Berat,K1
pengungkapan ekspor ilegal,Perdagangan,Kejahatan Berat,K1
pelaku penyelundupan barang,Perdagangan,Kejahatan Berat,K1
tersangka penyelundupan barang,Perdagangan,Kejahatan Berat,K1
korban penyelundupan barang,Perdagangan,Kejahatan Berat,K1
kasus penyelundupan barang,Perdagangan,Kejahatan Berat,K1
pengungkapan penyelundupan barang,Perdagangan,Kejahatan Berat,K1
pelaku monopoli ilegal,Perdagangan,Kejahatan Berat,K1
tersangka monopoli ilegal,Perdagangan,Kejahatan Berat,K1
korban monopoli ilegal,Perdagangan,Kejahatan Berat,K1
kasus monopoli ilegal,Perdagangan,Kejahatan Berat,K1
pengungkapan monopoli ilegal,Perdagangan,Kejahatan Berat,K1
pelaku kartel,Perdagangan,Kejahatan Berat,K1
tersangka kartel,Perdagangan,Kejahatan Berat,K1
korban kartel,Perdagangan,Kejahatan Berat,K1
kasus kartel,Perdagangan,Kejahatan Berat,K1
pengungkapan kartel,Perdagangan,Kejahatan Berat,K1
pelaku barang selundupan,Perdagangan,Kejahatan Berat,K1
tersangka barang selundupan,Perdagangan,Kejahatan Berat,K1
korban barang selundupan,Perdagangan,Kejahatan Berat,K1
kasus barang selundupan,Perdagangan,Kejahatan Berat,K1
pengungkapan barang selundupan,Perdagangan,Kejahatan Berat,K1
pelaku harga ilegal,Perdagangan,Kejahatan Berat,K1
tersangka harga ilegal,Perdagangan,Kejahatan Berat,K1
korban harga ilegal,Perdagangan,Kejahatan Berat,K1
kasus harga ilegal,Perdagangan,Kejahatan Berat,K1
pengungkapan harga ilegal,Perdagangan,Kejahatan Berat,K1
pelaku merusak fasilitas,Perusakan Fasilitas,Kejahatan Berat,K1
tersangka merusak fasilitas,Perusakan Fasilitas,Kejahatan Berat,K1
korban merusak fasilitas,Perusakan Fasilitas,Kejahatan Berat,K1
kasus merusak fasilitas,Perusakan Fasilitas,Kejahatan Berat,K1
pengungkapan merusak fasilitas,Perusakan Fasilitas,Kejahatan Berat,K1
pelaku coret tembok,Perusakan Fasilitas,Kejahatan Berat,K1
tersangka coret tembok,Perusakan Fasilitas,Kejahatan Berat,K1
korban coret tembok,Perusakan Fasilitas,Kejahatan Berat,K1
kasus coret tembok,Perusakan Fasilitas,Kejahatan Berat,K1
pengungkapan coret tembok,Perusakan Fasilitas,Kejahatan Berat,K1
pelaku vandalisme,Perusakan Fasilitas,Kejahatan Berat,K1
tersangka vandalisme,Perusakan Fasilitas,Kejahatan Berat,K1
korban vandalisme,Perusakan Fasilitas,Kejahatan Berat,K1
kasus vandalisme,Perusakan Fasilitas,Kejahatan Berat,K1
pengungkapan vandalisme,Perusakan Fasilitas,Kejahatan Berat,K1
pelaku rusak halte,Perusakan Fasilitas,Kejahatan Berat,K1
tersangka rusak halte,Perusakan Fasilitas,Kejahatan Berat,K1
korban rusak halte,Perusakan Fasilitas,Kejahatan Berat,K1
kasus rusak halte,Perusakan Fasilitas,Kejahatan Berat,K1
pengungkapan rusak halte,Perusakan Fasilitas,Kejahatan Berat,K1
pelaku rusak lampu jalan,Perusakan Fasilitas,Kejahatan Berat,K1
tersangka rusak lampu jalan,Perusakan Fasilitas,Kejahatan Berat,K1
korban rusak lampu jalan,Perusakan Fasilitas,Kejahatan Berat,K1
kasus rusak lampu jalan,Perusakan Fasilitas,Kejahatan Berat,K1
pengungkapan rusak lampu jalan,Perusakan Fasilitas,Kejahatan Berat,K1
pelaku pecah kaca,Perusakan Fasilitas,Kejahatan Berat,K1
tersangka pecah kaca,Perusakan Fasilitas,Kejahatan Berat,K1
korban pecah kaca,Perusakan Fasilitas,Kejahatan Berat,K1
kasus pecah kaca,Perusakan Fasilitas,Kejahatan Berat,K1
pengungkapan pecah kaca,Perusakan Fasilitas,Kejahatan Berat,K1
pelaku rusak taman,Perusakan Fasilitas,Kejahatan Berat,K1
tersangka rusak taman,Perusakan Fasilitas,Kejahatan Berat,K1
korban rusak taman,Perusakan Fasilitas,Kejahatan Berat,K1
kasus rusak taman,Perusakan Fasilitas,Kejahatan Berat,K1
pengungkapan rusak taman,Perusakan Fasilitas,Kejahatan Berat,K1
pelaku rusak sekolah,Perusakan Fasilitas,Kejahatan Berat,K1
tersangka rusak sekolah,Perusakan Fasilitas,Kejahatan Berat,K1
korban rusak sekolah,Perusakan Fasilitas,Kejahatan Berat,K1
kasus rusak sekolah,Perusakan Fasilitas,Kejahatan Berat,K1
pengungkapan rusak sekolah,Perusakan Fasilitas,Kejahatan Berat,K1
pelaku rusak kantor,Perusakan Fasilitas,Kejahatan Berat,K1
tersangka rusak kantor,Perusakan Fasilitas,Kejahatan Berat,K1
korban rusak kantor,Perusakan Fasilitas,Kejahatan Berat,K1
kasus rusak kantor,Perusakan Fasilitas,Kejahatan Berat,K1
pengungkapan rusak kantor,Perusakan Fasilitas,Kejahatan Berat,K1
pelaku pengrusakan ringan,Perusakan Fasilitas,Kejahatan Berat,K1
tersangka pengrusakan ringan,Perusakan Fasilitas,Kejahatan Berat,K1
korban pengrusakan ringan,Perusakan Fasilitas,Kejahatan Berat,K1
kasus pengrusakan ringan,Perusakan Fasilitas,Kejahatan Berat,K1
pengungkapan pengrusakan ringan,Perusakan Fasilitas,Kejahatan Berat,K1
pelaku mabuk di jalan,Gangguan Ketertiban,Kejahatan Ringan,K2
tersangka mabuk di jalan,Gangguan Ketertiban,Kejahatan Ringan,K2
korban mabuk di jalan,Gangguan Ketertiban,Kejahatan Ringan,K2
kasus mabuk di jalan,Gangguan Ketertiban,Kejahatan Ringan,K2
pengungkapan mabuk di jalan,Gangguan Ketertiban,Kejahatan Ringan,K2
pelaku buat onar,Gangguan Ketertiban,Kejahatan Ringan,K2
tersangka buat onar,Gangguan Ketertiban,Kejahatan Ringan,K2
korban buat onar,Gangguan Ketertiban,Kejahatan Ringan,K2
kasus buat onar,Gangguan Ketertiban,Kejahatan Ringan,K2
pengungkapan buat onar,Gangguan Ketertiban,Kejahatan Ringan,K2
pelaku mengganggu warga,Gangguan Ketertiban,Kejahatan Ringan,K2
tersangka mengganggu warga,Gangguan Ketertiban,Kejahatan Ringan,K2
korban mengganggu warga,Gangguan Ketertiban,Kejahatan Ringan,K2
kasus mengganggu warga,Gangguan Ketertiban,Kejahatan Ringan,K2
pengungkapan mengganggu warga,Gangguan Ketertiban,Kejahatan Ringan,K2
pelaku ribut,Gangguan Ketertiban,Kejahatan Ringan,K2
tersangka ribut,Gangguan Ketertiban,Kejahatan Ringan,K2
korban ribut,Gangguan Ketertiban,Kejahatan Ringan,K2
kasus ribut,Gangguan Ketertiban,Kejahatan Ringan,K2
pengungkapan ribut,Gangguan Ketertiban,Kejahatan Ringan,K2
pelaku adu mulut,Gangguan Ketertiban,Kejahatan Ringan,K2
tersangka adu mulut,Gangguan Ketertiban,Kejahatan Ringan,K2
korban adu mulut,Gangguan Ketertiban,Kejahatan Ringan,K2
kasus adu mulut,Gangguan Ketertiban,Kejahatan Ringan,K2
pengungkapan adu mulut,Gangguan Ketertiban,Kejahatan Ringan,K2
pelaku teriak-teriak,Gangguan Ketertiban,Kejahatan Ringan,K2
tersangka teriak-teriak,Gangguan Ketertiban,Kejahatan Ringan,K2
korban teriak-teriak,Gangguan Ketertiban,Kejahatan Ringan,K2
kasus teriak-teriak,Gangguan Ketertiban,Kejahatan Ringan,K2
pengungkapan teriak-teriak,Gangguan Ketertiban,Kejahatan Ringan,K2
pelaku keributan warga,Gangguan Ketertiban,Kejahatan Ringan,K2
tersangka keributan warga,Gangguan Ketertiban,Kejahatan Ringan,K2
korban keributan warga,Gangguan Ketertiban,Kejahatan Ringan,K2
kasus keributan warga,Gangguan Ketertiban,Kejahatan Ringan,K2
pengungkapan keributan warga,Gangguan Ketertiban,Kejahatan Ringan,K2
pelaku gangguan malam,Gangguan Ketertiban,Kejahatan Ringan,K2
tersangka gangguan malam,Gangguan Ketertiban,Kejahatan Ringan,K2
korban gangguan malam,Gangguan Ketertiban,Kejahatan Ringan,K2
kasus gangguan malam,Gangguan Ketertiban,Kejahatan Ringan,K2
pengungkapan gangguan malam,Gangguan Ketertiban,Kejahatan Ringan,K2
pelaku ketertiban umum,Gangguan Ketertiban,Kejahatan Ringan,K2
tersangka ketertiban umum,Gangguan Ketertiban,Kejahatan Ringan,K2
korban ketertiban umum,Gangguan Ketertiban,Kejahatan Ringan,K2
kasus ketertiban umum,Gangguan Ketertiban,Kejahatan Ringan,K2
pengungkapan ketertiban umum,Gangguan Ketertiban,Kejahatan Ringan,K2
pelaku resahkan warga,Gangguan Ketertiban,Kejahatan Ringan,K2
tersangka resahkan warga,Gangguan Ketertiban,Kejahatan Ringan,K2
korban resahkan warga,Gangguan Ketertiban,Kejahatan Ringan,K2
kasus resahkan warga,Gangguan Ketertiban,Kejahatan Ringan,K2
pengungkapan resahkan warga,Gangguan Ketertiban,Kejahatan Ringan,K2
pelaku izin palsu,Pelanggaran Administrasi,Kejahatan Ringan,K2
tersangka izin palsu,Pelanggaran Administrasi,Kejahatan Ringan,K2
korban izin palsu,Pelanggaran Administrasi,Kejahatan Ringan,K2
kasus izin palsu,Pelanggaran Administrasi,Kejahatan Ringan,K2
pengungkapan izin palsu,Pelanggaran Administrasi,Kejahatan Ringan,K2
pelaku tidak berizin,Pelanggaran Administrasi,Kejahatan Ringan,K2
tersangka tidak berizin,Pelanggaran Administrasi,Kejahatan Ringan,K2
korban tidak berizin,Pelanggaran Administrasi,Kejahatan Ringan,K2
kasus tidak berizin,Pelanggaran Administrasi,Kejahatan Ringan,K2
pengungkapan tidak berizin,Pelanggaran Administrasi,Kejahatan Ringan,K2
pelaku administrasi palsu,Pelanggaran Administrasi,Kejahatan Ringan,K2
tersangka administrasi palsu,Pelanggaran Administrasi,Kejahatan Ringan,K2
korban administrasi palsu,Pelanggaran Administrasi,Kejahatan Ringan,K2
kasus administrasi palsu,Pelanggaran Administrasi,Kejahatan Ringan,K2
pengungkapan administrasi palsu,Pelanggaran Administrasi,Kejahatan Ringan,K2
pelaku usaha ilegal,Pelanggaran Administrasi,Kejahatan Ringan,K2
tersangka usaha ilegal,Pelanggaran Administrasi,Kejahatan Ringan,K2
korban usaha ilegal,Pelanggaran Administrasi,Kejahatan Ringan,K2
kasus usaha ilegal,Pelanggaran Administrasi,Kejahatan Ringan,K2
pengungkapan usaha ilegal,Pelanggaran Administrasi,Kejahatan Ringan,K2
pelaku izin usaha,Pelanggaran Administrasi,Kejahatan Ringan,K2
tersangka izin usaha,Pelanggaran Administrasi,Kejahatan Ringan,K2
korban izin usaha,Pelanggaran Administrasi,Kejahatan Ringan,K2
kasus izin usaha,Pelanggaran Administrasi,Kejahatan Ringan,K2
pengungkapan izin usaha,Pelanggaran Administrasi,Kejahatan Ringan,K2
pelaku dokumen tidak lengkap,Pelanggaran Administrasi,Kejahatan Ringan,K2
tersangka dokumen tidak lengkap,Pelanggaran Administrasi,Kejahatan Ringan,K2
korban dokumen tidak lengkap,Pelanggaran Administrasi,Kejahatan Ringan,K2
kasus dokumen tidak lengkap,Pelanggaran Administrasi,Kejahatan Ringan,K2
pengungkapan dokumen tidak lengkap,Pelanggaran Administrasi,Kejahatan Ringan,K2
pelaku pelanggaran izin,Pelanggaran Administrasi,Kejahatan Ringan,K2
tersangka pelanggaran izin,Pelanggaran Administrasi,Kejahatan Ringan,K2
korban pelanggaran izin,Pelanggaran Administrasi,Kejahatan Ringan,K2
kasus pelanggaran izin,Pelanggaran Administrasi,Kejahatan Ringan,K2
pengungkapan pelanggaran izin,Pelanggaran Administrasi,Kejahatan Ringan,K2
pelaku administratif,Pelanggaran Administrasi,Kejahatan Ringan,K2
tersangka administratif,Pelanggaran Administrasi,Kejahatan Ringan,K2
korban administratif,Pelanggaran Administrasi,Kejahatan Ringan,K2
kasus administratif,Pelanggaran Administrasi,Kejahatan Ringan,K2
pengungkapan administratif,Pelanggaran Administrasi,Kejahatan Ringan,K2
pelaku perizinan,Pelanggaran Administrasi,Kejahatan Ringan,K2
tersangka perizinan,Pelanggaran Administrasi,Kejahatan Ringan,K2
korban perizinan,Pelanggaran Administrasi,Kejahatan Ringan,K2
kasus perizinan,Pelanggaran Administrasi,Kejahatan Ringan,K2
pengungkapan perizinan,Pelanggaran Administrasi,Kejahatan Ringan,K2
pelaku usaha tanpa izin,Pelanggaran Administrasi,Kejahatan Ringan,K2
tersangka usaha tanpa izin,Pelanggaran Administrasi,Kejahatan Ringan,K2
korban usaha tanpa izin,Pelanggaran Administrasi,Kejahatan Ringan,K2
kasus usaha tanpa izin,Pelanggaran Administrasi,Kejahatan Ringan,K2
pengungkapan usaha tanpa izin,Pelanggaran Administrasi,Kejahatan Ringan,K2
pelaku hoaks,Hoaks,Kejahatan Ringan,K2
tersangka hoaks,Hoaks,Kejahatan Ringan,K2
korban hoaks,Hoaks,Kejahatan Ringan,K2
kasus hoaks,Hoaks,Kejahatan Ringan,K2
pengungkapan hoaks,Hoaks,Kejahatan Ringan,K2
pelaku berita bohong,Hoaks,Kejahatan Ringan,K2
tersangka berita bohong,Hoaks,Kejahatan Ringan,K2
korban berita bohong,Hoaks,Kejahatan Ringan,K2
kasus berita bohong,Hoaks,Kejahatan Ringan,K2
pengungkapan berita bohong,Hoaks,Kejahatan Ringan,K2
pelaku informasi palsu,Hoaks,Kejahatan Ringan,K2
tersangka informasi palsu,Hoaks,Kejahatan Ringan,K2
korban informasi palsu,Hoaks,Kejahatan Ringan,K2
kasus informasi palsu,Hoaks,Kejahatan Ringan,K2
pengungkapan informasi palsu,Hoaks,Kejahatan Ringan,K2
pelaku provokasi online,Hoaks,Kejahatan Ringan,K2
tersangka provokasi online,Hoaks,Kejahatan Ringan,K2
korban provokasi online,Hoaks,Kejahatan Ringan,K2
kasus provokasi online,Hoaks,Kejahatan Ringan,K2
pengungkapan provokasi online,Hoaks,Kejahatan Ringan,K2
pelaku fitnah online,Hoaks,Kejahatan Ringan,K2
tersangka fitnah online,Hoaks,Kejahatan Ringan,K2
korban fitnah online,Hoaks,Kejahatan Ringan,K2
kasus fitnah online,Hoaks,Kejahatan Ringan,K2
pengungkapan fitnah online,Hoaks,Kejahatan Ringan,K2
pelaku konten palsu,Hoaks,Kejahatan Ringan,K2
tersangka konten palsu,Hoaks,Kejahatan Ringan,K2
korban konten palsu,Hoaks,Kejahatan Ringan,K2
kasus konten palsu,Hoaks,Kejahatan Ringan,K2
pengungkapan konten palsu,Hoaks,Kejahatan Ringan,K2
pelaku akun anonim,Hoaks,Kejahatan Ringan,K2
tersangka akun anonim,Hoaks,Kejahatan Ringan,K2
korban akun anonim,Hoaks,Kejahatan Ringan,K2
kasus akun anonim,Hoaks,Kejahatan Ringan,K2
pengungkapan akun anonim,Hoaks,Kejahatan Ringan,K2
pelaku unggahan palsu,Hoaks,Kejahatan Ringan,K2
tersangka unggahan palsu,Hoaks,Kejahatan Ringan,K2
korban unggahan palsu,Hoaks,Kejahatan Ringan,K2
kasus unggahan palsu,Hoaks,Kejahatan Ringan,K2
pengungkapan unggahan palsu,Hoaks,Kejahatan Ringan,K2
pelaku disinformasi,Hoaks,Kejahatan Ringan,K2
tersangka disinformasi,Hoaks,Kejahatan Ringan,K2
korban disinformasi,Hoaks,Kejahatan Ringan,K2
kasus disinformasi,Hoaks,Kejahatan Ringan,K2
pengungkapan disinformasi,Hoaks,Kejahatan Ringan,K2
pelaku misinformasi,Hoaks,Kejahatan Ringan,K2
tersangka misinformasi,Hoaks,Kejahatan Ringan,K2
korban misinformasi,Hoaks,Kejahatan Ringan,K2
kasus misinformasi,Hoaks,Kejahatan Ringan,K2
pengungkapan misinformasi,Hoaks,Kejahatan Ringan,K2
dpo,Proses Hukum,Kejahatan Ringan,K2
daftar pencarian orang,Proses Hukum,Kejahatan Ringan,K2
buron,Proses Hukum,Kejahatan Ringan,K2
penangkapan,Proses Hukum,Kejahatan Ringan,K2
penahanan,Proses Hukum,Kejahatan Ringan,K2
penyidikan,Proses Hukum,Kejahatan Ringan,K2
penuntutan,Proses Hukum,Kejahatan Ringan,K2
spdp,Proses Hukum,Kejahatan Ringan,K2
p21,Proses Hukum,Kejahatan Ringan,K2
berkas lengkap,Proses Hukum,Kejahatan Ringan,K2
tipidsiber,Tipidsiber,Kejahatan Berat,K1
cyber fraud,Tipidsiber,Kejahatan Berat,K1
business email compromise,Tipidsiber,Kejahatan Berat,K1
deface,Tipidsiber,Kejahatan Berat,K1
ddos,Tipidsiber,Kejahatan Berat,K1
botnet,Tipidsiber,Kejahatan Berat,K1
spyware,Tipidsiber,Kejahatan Berat,K1
keylogger,Tipidsiber,Kejahatan Berat,K1
data breach,Tipidsiber,Kejahatan Berat,K1
kebocoran data,Tipidsiber,Kejahatan Berat,K1
penggelapan pajak,Perpajakan,Kejahatan Berat,K1
tax evasion,Perpajakan,Kejahatan Berat,K1
faktur pajak palsu,Perpajakan,Kejahatan Berat,K1
pajak fiktif,Perpajakan,Kejahatan Berat,K1
wajib pajak,Perpajakan,Kejahatan Berat,K1
penghindaran pajak,Perpajakan,Kejahatan Berat,K1
restutusi fiktif,Perpajakan,Kejahatan Berat,K1
npwp palsu,Perpajakan,Kejahatan Berat,K1
manipulasi pajak,Perpajakan,Kejahatan Berat,K1
pidana pajak,Perpajakan,Kejahatan Berat,K1
bea cukai,Kepabeanan,Kejahatan Berat,K1
barang kena cukai,Kepabeanan,Kejahatan Berat,K1
rokok ilegal,Kepabeanan,Kejahatan Berat,K1
impor gelap,Kepabeanan,Kejahatan Berat,K1
ekspor ilegal,Kepabeanan,Kejahatan Berat,K1
manifest palsu,Kepabeanan,Kejahatan Berat,K1
kontainer ilegal,Kepabeanan,Kejahatan Berat,K1
customs fraud,Kepabeanan,Kejahatan Berat,K1
penyelundupan cukai,Kepabeanan,Kejahatan Berat,K1
barang ilegal,Kepabeanan,Kejahatan Berat,K1
pinjol ilegal,Perbankan Lanjut,Kejahatan Berat,K1
fintech ilegal,Perbankan Lanjut,Kejahatan Berat,K1
investasi ilegal,Perbankan Lanjut,Kejahatan Berat,K1
robot trading,Perbankan Lanjut,Kejahatan Berat,K1
binary option,Perbankan Lanjut,Kejahatan Berat,K1
money game,Perbankan Lanjut,Kejahatan Berat,K1
ponzi,Perbankan Lanjut,Kejahatan Berat,K1
rekening mule,Perbankan Lanjut,Kejahatan Berat,K1
rekening penampung,Perbankan Lanjut,Kejahatan Berat,K1
rekening bodong,Perbankan Lanjut,Kejahatan Berat,K1
eksploitasi anak,Anak,Kejahatan Berat,K1
trafficking anak,Anak,Kejahatan Berat,K1
kekerasan anak,Anak,Kejahatan Berat,K1
anak korban,Anak,Kejahatan Berat,K1
anak pelaku,Anak,Kejahatan Berat,K1
anak berhadapan hukum,Anak,Kejahatan Berat,K1
pornografi anak,Anak,Kejahatan Berat,K1
pekerja anak,Anak,Kejahatan Berat,K1
adopsi ilegal,Anak,Kejahatan Berat,K1
penculikan anak,Anak,Kejahatan Berat,K1
tipiring,Tindak Ringan,Kejahatan Ringan,K2
gangguan ringan,Tindak Ringan,Kejahatan Ringan,K2
keributan kecil,Tindak Ringan,Kejahatan Ringan,K2
cekcok,Tindak Ringan,Kejahatan Ringan,K2
dorong,Tindak Ringan,Kejahatan Ringan,K2
lempar,Tindak Ringan,Kejahatan Ringan,K2
pelanggaran ringan,Tindak Ringan,Kejahatan Ringan,K2
rusak ringan,Tindak Ringan,Kejahatan Ringan,K2
ribut tetangga,Tindak Ringan,Kejahatan Ringan,K2
perselisihan,Tindak Ringan,Kejahatan Ringan,K2
pengamen liar,Ketertiban,Kejahatan Ringan,K2
gelandangan,Ketertiban,Kejahatan Ringan,K2
pengemis,Ketertiban,Kejahatan Ringan,K2
parkir liar,Ketertiban,Kejahatan Ringan,K2
pedagang liar,Ketertiban,Kejahatan Ringan,K2
okupasi liar,Ketertiban,Kejahatan Ringan,K2
pelanggaran perda,Ketertiban,Kejahatan Ringan,K2
mengganggu umum,Ketertiban,Kejahatan Ringan,K2
ketertiban jalan,Ketertiban,Kejahatan Ringan,K2
gangguan fasilitas,Ketertiban,Kejahatan Ringan,K2
tidak pakai sabuk,Lalu Lintas,Kejahatan Ringan,K2
lampu mati,Lalu Lintas,Kejahatan Ringan,K2
melanggar rambu,Lalu Lintas,Kejahatan Ringan,K2
muatan berlebih,Lalu Lintas,Kejahatan Ringan,K2
bonceng tiga,Lalu Lintas,Kejahatan Ringan,K2
kendaraan tidak laik,Lalu Lintas,Kejahatan Ringan,K2
sim mati,Lalu Lintas,Kejahatan Ringan,K2
stnk mati,Lalu Lintas,Kejahatan Ringan,K2
parkir sembarang,Lalu Lintas,Kejahatan Ringan,K2
melawan petugas,Lalu Lintas,Kejahatan Ringan,K2
konten provokatif,Media,Kejahatan Ringan,K2
ujaran kebencian,Media,Kejahatan Ringan,K2
spam,Media,Kejahatan Ringan,K2
akun palsu,Media,Kejahatan Ringan,K2
identitas palsu online,Media,Kejahatan Ringan,K2
komentar menghina,Media,Kejahatan Ringan,K2
viral hoaks,Media,Kejahatan Ringan,K2
berita palsu,Media,Kejahatan Ringan,K2
fitnah digital,Media,Kejahatan Ringan,K2
postingan palsu,Media,Kejahatan Ringan,K2
pengungkapan dpo,Proses Hukum,Kejahatan Ringan,K2
operasi dpo,Proses Hukum,Kejahatan Ringan,K2
kasus dpo,Proses Hukum,Kejahatan Ringan,K2
pelaku dpo,Proses Hukum,Kejahatan Ringan,K2
tersangka dpo,Proses Hukum,Kejahatan Ringan,K2
pengungkapan daftar pencarian orang,Proses Hukum,Kejahatan Ringan,K2
operasi daftar pencarian orang,Proses Hukum,Kejahatan Ringan,K2
kasus daftar pencarian orang,Proses Hukum,Kejahatan Ringan,K2
pelaku daftar pencarian orang,Proses Hukum,Kejahatan Ringan,K2
tersangka daftar pencarian orang,Proses Hukum,Kejahatan Ringan,K2
pengungkapan buron,Proses Hukum,Kejahatan Ringan,K2
operasi buron,Proses Hukum,Kejahatan Ringan,K2
kasus buron,Proses Hukum,Kejahatan Ringan,K2
pelaku buron,Proses Hukum,Kejahatan Ringan,K2
tersangka buron,Proses Hukum,Kejahatan Ringan,K2
pengungkapan penangkapan,Proses Hukum,Kejahatan Ringan,K2
operasi penangkapan,Proses Hukum,Kejahatan Ringan,K2
kasus penangkapan,Proses Hukum,Kejahatan Ringan,K2
pelaku penangkapan,Proses Hukum,Kejahatan Ringan,K2
tersangka penangkapan,Proses Hukum,Kejahatan Ringan,K2
pengungkapan penahanan,Proses Hukum,Kejahatan Ringan,K2
operasi penahanan,Proses Hukum,Kejahatan Ringan,K2
kasus penahanan,Proses Hukum,Kejahatan Ringan,K2
pelaku penahanan,Proses Hukum,Kejahatan Ringan,K2
tersangka penahanan,Proses Hukum,Kejahatan Ringan,K2
pengungkapan penyidikan,Proses Hukum,Kejahatan Ringan,K2
operasi penyidikan,Proses Hukum,Kejahatan Ringan,K2
kasus penyidikan,Proses Hukum,Kejahatan Ringan,K2
pelaku penyidikan,Proses Hukum,Kejahatan Ringan,K2
tersangka penyidikan,Proses Hukum,Kejahatan Ringan,K2
pengungkapan penuntutan,Proses Hukum,Kejahatan Ringan,K2
operasi penuntutan,Proses Hukum,Kejahatan Ringan,K2
kasus penuntutan,Proses Hukum,Kejahatan Ringan,K2
pelaku penuntutan,Proses Hukum,Kejahatan Ringan,K2
tersangka penuntutan,Proses Hukum,Kejahatan Ringan,K2
pengungkapan spdp,Proses Hukum,Kejahatan Ringan,K2
operasi spdp,Proses Hukum,Kejahatan Ringan,K2
kasus spdp,Proses Hukum,Kejahatan Ringan,K2
pelaku spdp,Proses Hukum,Kejahatan Ringan,K2
tersangka spdp,Proses Hukum,Kejahatan Ringan,K2
pengungkapan p21,Proses Hukum,Kejahatan Ringan,K2
operasi p21,Proses Hukum,Kejahatan Ringan,K2
kasus p21,Proses Hukum,Kejahatan Ringan,K2
pelaku p21,Proses Hukum,Kejahatan Ringan,K2
tersangka p21,Proses Hukum,Kejahatan Ringan,K2
pengungkapan berkas lengkap,Proses Hukum,Kejahatan Ringan,K2
operasi berkas lengkap,Proses Hukum,Kejahatan Ringan,K2
kasus berkas lengkap,Proses Hukum,Kejahatan Ringan,K2
pelaku berkas lengkap,Proses Hukum,Kejahatan Ringan,K2
tersangka berkas lengkap,Proses Hukum,Kejahatan Ringan,K2
pengungkapan tipidsiber,Tipidsiber,Kejahatan Berat,K1
operasi tipidsiber,Tipidsiber,Kejahatan Berat,K1
kasus tipidsiber,Tipidsiber,Kejahatan Berat,K1
pelaku tipidsiber,Tipidsiber,Kejahatan Berat,K1
tersangka tipidsiber,Tipidsiber,Kejahatan Berat,K1
pengungkapan cyber fraud,Tipidsiber,Kejahatan Berat,K1
operasi cyber fraud,Tipidsiber,Kejahatan Berat,K1
kasus cyber fraud,Tipidsiber,Kejahatan Berat,K1
pelaku cyber fraud,Tipidsiber,Kejahatan Berat,K1
tersangka cyber fraud,Tipidsiber,Kejahatan Berat,K1
pengungkapan business email compromise,Tipidsiber,Kejahatan Berat,K1
operasi business email compromise,Tipidsiber,Kejahatan Berat,K1
kasus business email compromise,Tipidsiber,Kejahatan Berat,K1
pelaku business email compromise,Tipidsiber,Kejahatan Berat,K1
tersangka business email compromise,Tipidsiber,Kejahatan Berat,K1
pengungkapan deface,Tipidsiber,Kejahatan Berat,K1
operasi deface,Tipidsiber,Kejahatan Berat,K1
kasus deface,Tipidsiber,Kejahatan Berat,K1
pelaku deface,Tipidsiber,Kejahatan Berat,K1
tersangka deface,Tipidsiber,Kejahatan Berat,K1
pengungkapan ddos,Tipidsiber,Kejahatan Berat,K1
operasi ddos,Tipidsiber,Kejahatan Berat,K1
kasus ddos,Tipidsiber,Kejahatan Berat,K1
pelaku ddos,Tipidsiber,Kejahatan Berat,K1
tersangka ddos,Tipidsiber,Kejahatan Berat,K1
pengungkapan botnet,Tipidsiber,Kejahatan Berat,K1
operasi botnet,Tipidsiber,Kejahatan Berat,K1
kasus botnet,Tipidsiber,Kejahatan Berat,K1
pelaku botnet,Tipidsiber,Kejahatan Berat,K1
tersangka botnet,Tipidsiber,Kejahatan Berat,K1
pengungkapan spyware,Tipidsiber,Kejahatan Berat,K1
operasi spyware,Tipidsiber,Kejahatan Berat,K1
kasus spyware,Tipidsiber,Kejahatan Berat,K1
pelaku spyware,Tipidsiber,Kejahatan Berat,K1
tersangka spyware,Tipidsiber,Kejahatan Berat,K1
pengungkapan keylogger,Tipidsiber,Kejahatan Berat,K1
operasi keylogger,Tipidsiber,Kejahatan Berat,K1
kasus keylogger,Tipidsiber,Kejahatan Berat,K1
pelaku keylogger,Tipidsiber,Kejahatan Berat,K1
tersangka keylogger,Tipidsiber,Kejahatan Berat,K1
pengungkapan data breach,Tipidsiber,Kejahatan Berat,K1
operasi data breach,Tipidsiber,Kejahatan Berat,K1
kasus data breach,Tipidsiber,Kejahatan Berat,K1
pelaku data breach,Tipidsiber,Kejahatan Berat,K1
tersangka data breach,Tipidsiber,Kejahatan Berat,K1
pengungkapan kebocoran data,Tipidsiber,Kejahatan Berat,K1
operasi kebocoran data,Tipidsiber,Kejahatan Berat,K1
kasus kebocoran data,Tipidsiber,Kejahatan Berat,K1
pelaku kebocoran data,Tipidsiber,Kejahatan Berat,K1
tersangka kebocoran data,Tipidsiber,Kejahatan Berat,K1
pengungkapan penggelapan pajak,Perpajakan,Kejahatan Berat,K1
operasi penggelapan pajak,Perpajakan,Kejahatan Berat,K1
kasus penggelapan pajak,Perpajakan,Kejahatan Berat,K1
pelaku penggelapan pajak,Perpajakan,Kejahatan Berat,K1
tersangka penggelapan pajak,Perpajakan,Kejahatan Berat,K1
pengungkapan tax evasion,Perpajakan,Kejahatan Berat,K1
operasi tax evasion,Perpajakan,Kejahatan Berat,K1
kasus tax evasion,Perpajakan,Kejahatan Berat,K1
pelaku tax evasion,Perpajakan,Kejahatan Berat,K1
tersangka tax evasion,Perpajakan,Kejahatan Berat,K1
pengungkapan faktur pajak palsu,Perpajakan,Kejahatan Berat,K1
operasi faktur pajak palsu,Perpajakan,Kejahatan Berat,K1
kasus faktur pajak palsu,Perpajakan,Kejahatan Berat,K1
pelaku faktur pajak palsu,Perpajakan,Kejahatan Berat,K1
tersangka faktur pajak palsu,Perpajakan,Kejahatan Berat,K1
pengungkapan pajak fiktif,Perpajakan,Kejahatan Berat,K1
operasi pajak fiktif,Perpajakan,Kejahatan Berat,K1
kasus pajak fiktif,Perpajakan,Kejahatan Berat,K1
pelaku pajak fiktif,Perpajakan,Kejahatan Berat,K1
tersangka pajak fiktif,Perpajakan,Kejahatan Berat,K1
pengungkapan wajib pajak,Perpajakan,Kejahatan Berat,K1
operasi wajib pajak,Perpajakan,Kejahatan Berat,K1
kasus wajib pajak,Perpajakan,Kejahatan Berat,K1
pelaku wajib pajak,Perpajakan,Kejahatan Berat,K1
tersangka wajib pajak,Perpajakan,Kejahatan Berat,K1
pengungkapan penghindaran pajak,Perpajakan,Kejahatan Berat,K1
operasi penghindaran pajak,Perpajakan,Kejahatan Berat,K1
kasus penghindaran pajak,Perpajakan,Kejahatan Berat,K1
pelaku penghindaran pajak,Perpajakan,Kejahatan Berat,K1
tersangka penghindaran pajak,Perpajakan,Kejahatan Berat,K1
pengungkapan restutusi fiktif,Perpajakan,Kejahatan Berat,K1
operasi restutusi fiktif,Perpajakan,Kejahatan Berat,K1
kasus restutusi fiktif,Perpajakan,Kejahatan Berat,K1
pelaku restutusi fiktif,Perpajakan,Kejahatan Berat,K1
tersangka restutusi fiktif,Perpajakan,Kejahatan Berat,K1
pengungkapan npwp palsu,Perpajakan,Kejahatan Berat,K1
operasi npwp palsu,Perpajakan,Kejahatan Berat,K1
kasus npwp palsu,Perpajakan,Kejahatan Berat,K1
pelaku npwp palsu,Perpajakan,Kejahatan Berat,K1
tersangka npwp palsu,Perpajakan,Kejahatan Berat,K1
pengungkapan manipulasi pajak,Perpajakan,Kejahatan Berat,K1
operasi manipulasi pajak,Perpajakan,Kejahatan Berat,K1
kasus manipulasi pajak,Perpajakan,Kejahatan Berat,K1
pelaku manipulasi pajak,Perpajakan,Kejahatan Berat,K1
tersangka manipulasi pajak,Perpajakan,Kejahatan Berat,K1
pengungkapan pidana pajak,Perpajakan,Kejahatan Berat,K1
operasi pidana pajak,Perpajakan,Kejahatan Berat,K1
kasus pidana pajak,Perpajakan,Kejahatan Berat,K1
pelaku pidana pajak,Perpajakan,Kejahatan Berat,K1
tersangka pidana pajak,Perpajakan,Kejahatan Berat,K1
pengungkapan bea cukai,Kepabeanan,Kejahatan Berat,K1
operasi bea cukai,Kepabeanan,Kejahatan Berat,K1
kasus bea cukai,Kepabeanan,Kejahatan Berat,K1
pelaku bea cukai,Kepabeanan,Kejahatan Berat,K1
tersangka bea cukai,Kepabeanan,Kejahatan Berat,K1
pengungkapan barang kena cukai,Kepabeanan,Kejahatan Berat,K1
operasi barang kena cukai,Kepabeanan,Kejahatan Berat,K1
kasus barang kena cukai,Kepabeanan,Kejahatan Berat,K1
pelaku barang kena cukai,Kepabeanan,Kejahatan Berat,K1
tersangka barang kena cukai,Kepabeanan,Kejahatan Berat,K1
pengungkapan rokok ilegal,Kepabeanan,Kejahatan Berat,K1
operasi rokok ilegal,Kepabeanan,Kejahatan Berat,K1
kasus rokok ilegal,Kepabeanan,Kejahatan Berat,K1
pelaku rokok ilegal,Kepabeanan,Kejahatan Berat,K1
tersangka rokok ilegal,Kepabeanan,Kejahatan Berat,K1
pengungkapan impor gelap,Kepabeanan,Kejahatan Berat,K1
operasi impor gelap,Kepabeanan,Kejahatan Berat,K1
kasus impor gelap,Kepabeanan,Kejahatan Berat,K1
pelaku impor gelap,Kepabeanan,Kejahatan Berat,K1
tersangka impor gelap,Kepabeanan,Kejahatan Berat,K1
pengungkapan ekspor ilegal,Kepabeanan,Kejahatan Berat,K1
operasi ekspor ilegal,Kepabeanan,Kejahatan Berat,K1
kasus ekspor ilegal,Kepabeanan,Kejahatan Berat,K1
pelaku ekspor ilegal,Kepabeanan,Kejahatan Berat,K1
tersangka ekspor ilegal,Kepabeanan,Kejahatan Berat,K1
pengungkapan manifest palsu,Kepabeanan,Kejahatan Berat,K1
operasi manifest palsu,Kepabeanan,Kejahatan Berat,K1
kasus manifest palsu,Kepabeanan,Kejahatan Berat,K1
pelaku manifest palsu,Kepabeanan,Kejahatan Berat,K1
tersangka manifest palsu,Kepabeanan,Kejahatan Berat,K1
pengungkapan kontainer ilegal,Kepabeanan,Kejahatan Berat,K1
operasi kontainer ilegal,Kepabeanan,Kejahatan Berat,K1
kasus kontainer ilegal,Kepabeanan,Kejahatan Berat,K1
pelaku kontainer ilegal,Kepabeanan,Kejahatan Berat,K1
tersangka kontainer ilegal,Kepabeanan,Kejahatan Berat,K1
pengungkapan customs fraud,Kepabeanan,Kejahatan Berat,K1
operasi customs fraud,Kepabeanan,Kejahatan Berat,K1
kasus customs fraud,Kepabeanan,Kejahatan Berat,K1
pelaku customs fraud,Kepabeanan,Kejahatan Berat,K1
tersangka customs fraud,Kepabeanan,Kejahatan Berat,K1
pengungkapan penyelundupan cukai,Kepabeanan,Kejahatan Berat,K1
operasi penyelundupan cukai,Kepabeanan,Kejahatan Berat,K1
kasus penyelundupan cukai,Kepabeanan,Kejahatan Berat,K1
pelaku penyelundupan cukai,Kepabeanan,Kejahatan Berat,K1
tersangka penyelundupan cukai,Kepabeanan,Kejahatan Berat,K1
pengungkapan barang ilegal,Kepabeanan,Kejahatan Berat,K1
operasi barang ilegal,Kepabeanan,Kejahatan Berat,K1
kasus barang ilegal,Kepabeanan,Kejahatan Berat,K1
pelaku barang ilegal,Kepabeanan,Kejahatan Berat,K1
tersangka barang ilegal,Kepabeanan,Kejahatan Berat,K1
pengungkapan pinjol ilegal,Perbankan Lanjut,Kejahatan Berat,K1
operasi pinjol ilegal,Perbankan Lanjut,Kejahatan Berat,K1
kasus pinjol ilegal,Perbankan Lanjut,Kejahatan Berat,K1
pelaku pinjol ilegal,Perbankan Lanjut,Kejahatan Berat,K1
tersangka pinjol ilegal,Perbankan Lanjut,Kejahatan Berat,K1
pengungkapan fintech ilegal,Perbankan Lanjut,Kejahatan Berat,K1
operasi fintech ilegal,Perbankan Lanjut,Kejahatan Berat,K1
kasus fintech ilegal,Perbankan Lanjut,Kejahatan Berat,K1
pelaku fintech ilegal,Perbankan Lanjut,Kejahatan Berat,K1
tersangka fintech ilegal,Perbankan Lanjut,Kejahatan Berat,K1
pengungkapan investasi ilegal,Perbankan Lanjut,Kejahatan Berat,K1
operasi investasi ilegal,Perbankan Lanjut,Kejahatan Berat,K1
kasus investasi ilegal,Perbankan Lanjut,Kejahatan Berat,K1
pelaku investasi ilegal,Perbankan Lanjut,Kejahatan Berat,K1
tersangka investasi ilegal,Perbankan Lanjut,Kejahatan Berat,K1
pengungkapan robot trading,Perbankan Lanjut,Kejahatan Berat,K1
operasi robot trading,Perbankan Lanjut,Kejahatan Berat,K1
kasus robot trading,Perbankan Lanjut,Kejahatan Berat,K1
pelaku robot trading,Perbankan Lanjut,Kejahatan Berat,K1
tersangka robot trading,Perbankan Lanjut,Kejahatan Berat,K1
pengungkapan binary option,Perbankan Lanjut,Kejahatan Berat,K1
operasi binary option,Perbankan Lanjut,Kejahatan Berat,K1
kasus binary option,Perbankan Lanjut,Kejahatan Berat,K1
pelaku binary option,Perbankan Lanjut,Kejahatan Berat,K1
tersangka binary option,Perbankan Lanjut,Kejahatan Berat,K1
pengungkapan money game,Perbankan Lanjut,Kejahatan Berat,K1
operasi money game,Perbankan Lanjut,Kejahatan Berat,K1
kasus money game,Perbankan Lanjut,Kejahatan Berat,K1
pelaku money game,Perbankan Lanjut,Kejahatan Berat,K1
tersangka money game,Perbankan Lanjut,Kejahatan Berat,K1
pengungkapan ponzi,Perbankan Lanjut,Kejahatan Berat,K1
operasi ponzi,Perbankan Lanjut,Kejahatan Berat,K1
kasus ponzi,Perbankan Lanjut,Kejahatan Berat,K1
pelaku ponzi,Perbankan Lanjut,Kejahatan Berat,K1
tersangka ponzi,Perbankan Lanjut,Kejahatan Berat,K1
pengungkapan rekening mule,Perbankan Lanjut,Kejahatan Berat,K1
operasi rekening mule,Perbankan Lanjut,Kejahatan Berat,K1
kasus rekening mule,Perbankan Lanjut,Kejahatan Berat,K1
pelaku rekening mule,Perbankan Lanjut,Kejahatan Berat,K1
tersangka rekening mule,Perbankan Lanjut,Kejahatan Berat,K1
pengungkapan rekening penampung,Perbankan Lanjut,Kejahatan Berat,K1
operasi rekening penampung,Perbankan Lanjut,Kejahatan Berat,K1
kasus rekening penampung,Perbankan Lanjut,Kejahatan Berat,K1
pelaku rekening penampung,Perbankan Lanjut,Kejahatan Berat,K1
tersangka rekening penampung,Perbankan Lanjut,Kejahatan Berat,K1
pengungkapan rekening bodong,Perbankan Lanjut,Kejahatan Berat,K1
operasi rekening bodong,Perbankan Lanjut,Kejahatan Berat,K1
kasus rekening bodong,Perbankan Lanjut,Kejahatan Berat,K1
pelaku rekening bodong,Perbankan Lanjut,Kejahatan Berat,K1
tersangka rekening bodong,Perbankan Lanjut,Kejahatan Berat,K1
pengungkapan eksploitasi anak,Anak,Kejahatan Berat,K1
operasi eksploitasi anak,Anak,Kejahatan Berat,K1
kasus eksploitasi anak,Anak,Kejahatan Berat,K1
pelaku eksploitasi anak,Anak,Kejahatan Berat,K1
tersangka eksploitasi anak,Anak,Kejahatan Berat,K1
pengungkapan trafficking anak,Anak,Kejahatan Berat,K1
operasi trafficking anak,Anak,Kejahatan Berat,K1
kasus trafficking anak,Anak,Kejahatan Berat,K1
pelaku trafficking anak,Anak,Kejahatan Berat,K1
tersangka trafficking anak,Anak,Kejahatan Berat,K1
pengungkapan kekerasan anak,Anak,Kejahatan Berat,K1
operasi kekerasan anak,Anak,Kejahatan Berat,K1
kasus kekerasan anak,Anak,Kejahatan Berat,K1
pelaku kekerasan anak,Anak,Kejahatan Berat,K1
tersangka kekerasan anak,Anak,Kejahatan Berat,K1
pengungkapan anak korban,Anak,Kejahatan Berat,K1
operasi anak korban,Anak,Kejahatan Berat,K1
kasus anak korban,Anak,Kejahatan Berat,K1
pelaku anak korban,Anak,Kejahatan Berat,K1
tersangka anak korban,Anak,Kejahatan Berat,K1
pengungkapan anak pelaku,Anak,Kejahatan Berat,K1
operasi anak pelaku,Anak,Kejahatan Berat,K1
kasus anak pelaku,Anak,Kejahatan Berat,K1
pelaku anak pelaku,Anak,Kejahatan Berat,K1
tersangka anak pelaku,Anak,Kejahatan Berat,K1
pengungkapan anak berhadapan hukum,Anak,Kejahatan Berat,K1
operasi anak berhadapan hukum,Anak,Kejahatan Berat,K1
kasus anak berhadapan hukum,Anak,Kejahatan Berat,K1
pelaku anak berhadapan hukum,Anak,Kejahatan Berat,K1
tersangka anak berhadapan hukum,Anak,Kejahatan Berat,K1
pengungkapan pornografi anak,Anak,Kejahatan Berat,K1
operasi pornografi anak,Anak,Kejahatan Berat,K1
kasus pornografi anak,Anak,Kejahatan Berat,K1
pelaku pornografi anak,Anak,Kejahatan Berat,K1
tersangka pornografi anak,Anak,Kejahatan Berat,K1
pengungkapan pekerja anak,Anak,Kejahatan Berat,K1
operasi pekerja anak,Anak,Kejahatan Berat,K1
kasus pekerja anak,Anak,Kejahatan Berat,K1
pelaku pekerja anak,Anak,Kejahatan Berat,K1
tersangka pekerja anak,Anak,Kejahatan Berat,K1
pengungkapan adopsi ilegal,Anak,Kejahatan Berat,K1
operasi adopsi ilegal,Anak,Kejahatan Berat,K1
kasus adopsi ilegal,Anak,Kejahatan Berat,K1
pelaku adopsi ilegal,Anak,Kejahatan Berat,K1
tersangka adopsi ilegal,Anak,Kejahatan Berat,K1
pengungkapan penculikan anak,Anak,Kejahatan Berat,K1
operasi penculikan anak,Anak,Kejahatan Berat,K1
kasus penculikan anak,Anak,Kejahatan Berat,K1
pelaku penculikan anak,Anak,Kejahatan Berat,K1
tersangka penculikan anak,Anak,Kejahatan Berat,K1
pengungkapan tipiring,Tindak Ringan,Kejahatan Ringan,K2
operasi tipiring,Tindak Ringan,Kejahatan Ringan,K2
kasus tipiring,Tindak Ringan,Kejahatan Ringan,K2
pelaku tipiring,Tindak Ringan,Kejahatan Ringan,K2
tersangka tipiring,Tindak Ringan,Kejahatan Ringan,K2
pengungkapan gangguan ringan,Tindak Ringan,Kejahatan Ringan,K2
operasi gangguan ringan,Tindak Ringan,Kejahatan Ringan,K2
kasus gangguan ringan,Tindak Ringan,Kejahatan Ringan,K2
pelaku gangguan ringan,Tindak Ringan,Kejahatan Ringan,K2
tersangka gangguan ringan,Tindak Ringan,Kejahatan Ringan,K2
pengungkapan keributan kecil,Tindak Ringan,Kejahatan Ringan,K2
operasi keributan kecil,Tindak Ringan,Kejahatan Ringan,K2
kasus keributan kecil,Tindak Ringan,Kejahatan Ringan,K2
pelaku keributan kecil,Tindak Ringan,Kejahatan Ringan,K2
tersangka keributan kecil,Tindak Ringan,Kejahatan Ringan,K2
pengungkapan cekcok,Tindak Ringan,Kejahatan Ringan,K2
operasi cekcok,Tindak Ringan,Kejahatan Ringan,K2
kasus cekcok,Tindak Ringan,Kejahatan Ringan,K2
pelaku cekcok,Tindak Ringan,Kejahatan Ringan,K2
tersangka cekcok,Tindak Ringan,Kejahatan Ringan,K2
pengungkapan dorong,Tindak Ringan,Kejahatan Ringan,K2
operasi dorong,Tindak Ringan,Kejahatan Ringan,K2
kasus dorong,Tindak Ringan,Kejahatan Ringan,K2
pelaku dorong,Tindak Ringan,Kejahatan Ringan,K2
tersangka dorong,Tindak Ringan,Kejahatan Ringan,K2
pengungkapan lempar,Tindak Ringan,Kejahatan Ringan,K2
operasi lempar,Tindak Ringan,Kejahatan Ringan,K2
kasus lempar,Tindak Ringan,Kejahatan Ringan,K2
pelaku lempar,Tindak Ringan,Kejahatan Ringan,K2
tersangka lempar,Tindak Ringan,Kejahatan Ringan,K2
pengungkapan pelanggaran ringan,Tindak Ringan,Kejahatan Ringan,K2
operasi pelanggaran ringan,Tindak Ringan,Kejahatan Ringan,K2
kasus pelanggaran ringan,Tindak Ringan,Kejahatan Ringan,K2
pelaku pelanggaran ringan,Tindak Ringan,Kejahatan Ringan,K2
tersangka pelanggaran ringan,Tindak Ringan,Kejahatan Ringan,K2
pengungkapan rusak ringan,Tindak Ringan,Kejahatan Ringan,K2
operasi rusak ringan,Tindak Ringan,Kejahatan Ringan,K2
kasus rusak ringan,Tindak Ringan,Kejahatan Ringan,K2
pelaku rusak ringan,Tindak Ringan,Kejahatan Ringan,K2
tersangka rusak ringan,Tindak Ringan,Kejahatan Ringan,K2
pengungkapan ribut tetangga,Tindak Ringan,Kejahatan Ringan,K2
operasi ribut tetangga,Tindak Ringan,Kejahatan Ringan,K2
kasus ribut tetangga,Tindak Ringan,Kejahatan Ringan,K2
pelaku ribut tetangga,Tindak Ringan,Kejahatan Ringan,K2
tersangka ribut tetangga,Tindak Ringan,Kejahatan Ringan,K2
pengungkapan perselisihan,Tindak Ringan,Kejahatan Ringan,K2
operasi perselisihan,Tindak Ringan,Kejahatan Ringan,K2
kasus perselisihan,Tindak Ringan,Kejahatan Ringan,K2
pelaku perselisihan,Tindak Ringan,Kejahatan Ringan,K2
tersangka perselisihan,Tindak Ringan,Kejahatan Ringan,K2
pengungkapan pengamen liar,Ketertiban,Kejahatan Ringan,K2
operasi pengamen liar,Ketertiban,Kejahatan Ringan,K2
kasus pengamen liar,Ketertiban,Kejahatan Ringan,K2
pelaku pengamen liar,Ketertiban,Kejahatan Ringan,K2
tersangka pengamen liar,Ketertiban,Kejahatan Ringan,K2
pengungkapan gelandangan,Ketertiban,Kejahatan Ringan,K2
operasi gelandangan,Ketertiban,Kejahatan Ringan,K2
kasus gelandangan,Ketertiban,Kejahatan Ringan,K2
pelaku gelandangan,Ketertiban,Kejahatan Ringan,K2
tersangka gelandangan,Ketertiban,Kejahatan Ringan,K2
pengungkapan pengemis,Ketertiban,Kejahatan Ringan,K2
operasi pengemis,Ketertiban,Kejahatan Ringan,K2
kasus pengemis,Ketertiban,Kejahatan Ringan,K2
pelaku pengemis,Ketertiban,Kejahatan Ringan,K2
tersangka pengemis,Ketertiban,Kejahatan Ringan,K2
pengungkapan parkir liar,Ketertiban,Kejahatan Ringan,K2
operasi parkir liar,Ketertiban,Kejahatan Ringan,K2
kasus parkir liar,Ketertiban,Kejahatan Ringan,K2
pelaku parkir liar,Ketertiban,Kejahatan Ringan,K2
tersangka parkir liar,Ketertiban,Kejahatan Ringan,K2
pengungkapan pedagang liar,Ketertiban,Kejahatan Ringan,K2
operasi pedagang liar,Ketertiban,Kejahatan Ringan,K2
kasus pedagang liar,Ketertiban,Kejahatan Ringan,K2
pelaku pedagang liar,Ketertiban,Kejahatan Ringan,K2
tersangka pedagang liar,Ketertiban,Kejahatan Ringan,K2
pengungkapan okupasi liar,Ketertiban,Kejahatan Ringan,K2
operasi okupasi liar,Ketertiban,Kejahatan Ringan,K2
kasus okupasi liar,Ketertiban,Kejahatan Ringan,K2
pelaku okupasi liar,Ketertiban,Kejahatan Ringan,K2
tersangka okupasi liar,Ketertiban,Kejahatan Ringan,K2
pengungkapan pelanggaran perda,Ketertiban,Kejahatan Ringan,K2
operasi pelanggaran perda,Ketertiban,Kejahatan Ringan,K2
kasus pelanggaran perda,Ketertiban,Kejahatan Ringan,K2
pelaku pelanggaran perda,Ketertiban,Kejahatan Ringan,K2
tersangka pelanggaran perda,Ketertiban,Kejahatan Ringan,K2
pengungkapan mengganggu umum,Ketertiban,Kejahatan Ringan,K2
operasi mengganggu umum,Ketertiban,Kejahatan Ringan,K2
kasus mengganggu umum,Ketertiban,Kejahatan Ringan,K2
pelaku mengganggu umum,Ketertiban,Kejahatan Ringan,K2
tersangka mengganggu umum,Ketertiban,Kejahatan Ringan,K2
pengungkapan ketertiban jalan,Ketertiban,Kejahatan Ringan,K2
operasi ketertiban jalan,Ketertiban,Kejahatan Ringan,K2
kasus ketertiban jalan,Ketertiban,Kejahatan Ringan,K2
pelaku ketertiban jalan,Ketertiban,Kejahatan Ringan,K2
tersangka ketertiban jalan,Ketertiban,Kejahatan Ringan,K2
pengungkapan gangguan fasilitas,Ketertiban,Kejahatan Ringan,K2
operasi gangguan fasilitas,Ketertiban,Kejahatan Ringan,K2
kasus gangguan fasilitas,Ketertiban,Kejahatan Ringan,K2
pelaku gangguan fasilitas,Ketertiban,Kejahatan Ringan,K2
tersangka gangguan fasilitas,Ketertiban,Kejahatan Ringan,K2
